Student ID,Question ID,topic,correct,Response Time
9eci54foOGc9,31,,correct,
9eci54foOGc9,32,,correct,
9eci54foOGc9,33,,correct,
9eci54foOGc9,34,,correct,
9eci54foOGc9,35,,correct,
9eci54foOGc9,36,,correct,
9eci54foOGc9,37,,correct,
9eci54foOGc9,38,,correct,
9eci54foOGc9,39,,correct,
9eci54foOGc9,40,,correct,
9eci54foOGc9,41,,incorrect,
9eci54foOGc9,42,,correct,
9eci54foOGc9,43,,correct,
9eci54foOGc9,44,,correct,
9eci54foOGc9,45,,incorrect,
9eci54foOGc9,46,,correct,
9eci54foOGc9,47,,incorrect,
9eci54foOGc9,48,,correct,
9eci54foOGc9,49,,incorrect,
9eci54foOGc9,50,,correct,
9eci54foOGc9,51,,correct,
9eci54foOGc9,52,,correct,
9eci54foOGc9,53,,correct,
9eci54foOGc9,54,,correct,
9eci54foOGc9,55,,correct,
9eci54foOGc9,56,,incorrect,
9eci54foOGc9,57,,correct,
9eci54foOGc9,58,,correct,
9eci54foOGc9,59,,correct,
9eci54foOGc9,60,,correct,
dF0r7wVjsLSV,31,,correct,
dF0r7wVjsLSV,32,,correct,
dF0r7wVjsLSV,33,,correct,
dF0r7wVjsLSV,34,,correct,
dF0r7wVjsLSV,35,,correct,
dF0r7wVjsLSV,36,,correct,
dF0r7wVjsLSV,37,,correct,
dF0r7wVjsLSV,38,,correct,
dF0r7wVjsLSV,39,,correct,
dF0r7wVjsLSV,40,,correct,
dF0r7wVjsLSV,41,,correct,
dF0r7wVjsLSV,42,,correct,
dF0r7wVjsLSV,43,,correct,
dF0r7wVjsLSV,44,,incorrect,
dF0r7wVjsLSV,45,,incorrect,
dF0r7wVjsLSV,46,,correct,
dF0r7wVjsLSV,47,,incorrect,
dF0r7wVjsLSV,48,,correct,
dF0r7wVjsLSV,49,,incorrect,
dF0r7wVjsLSV,50,,correct,
dF0r7wVjsLSV,51,,correct,
dF0r7wVjsLSV,52,,correct,
dF0r7wVjsLSV,53,,correct,
dF0r7wVjsLSV,54,,correct,
dF0r7wVjsLSV,55,,correct,
dF0r7wVjsLSV,56,,incorrect,
dF0r7wVjsLSV,57,,correct,
dF0r7wVjsLSV,58,,correct,
dF0r7wVjsLSV,59,,correct,
dF0r7wVjsLSV,60,,correct,
BhvtwuIg7wvF,31,,correct,
BhvtwuIg7wvF,32,,correct,
BhvtwuIg7wvF,33,,correct,
BhvtwuIg7wvF,34,,correct,
BhvtwuIg7wvF,35,,correct,
BhvtwuIg7wvF,36,,correct,
BhvtwuIg7wvF,37,,correct,
BhvtwuIg7wvF,38,,incorrect,
BhvtwuIg7wvF,39,,correct,
BhvtwuIg7wvF,40,,correct,
BhvtwuIg7wvF,41,,correct,
BhvtwuIg7wvF,42,,correct,
BhvtwuIg7wvF,43,,correct,
BhvtwuIg7wvF,44,,correct,
BhvtwuIg7wvF,45,,incorrect,
BhvtwuIg7wvF,46,,correct,
BhvtwuIg7wvF,47,,incorrect,
BhvtwuIg7wvF,48,,correct,
BhvtwuIg7wvF,49,,incorrect,
BhvtwuIg7wvF,50,,correct,
BhvtwuIg7wvF,51,,correct,
BhvtwuIg7wvF,52,,correct,
BhvtwuIg7wvF,53,,correct,
BhvtwuIg7wvF,54,,correct,
BhvtwuIg7wvF,55,,correct,
BhvtwuIg7wvF,56,,incorrect,
BhvtwuIg7wvF,57,,correct,
BhvtwuIg7wvF,58,,correct,
BhvtwuIg7wvF,59,,correct,
BhvtwuIg7wvF,60,,correct,
ynjK3wP1cV18,31,,correct,
ynjK3wP1cV18,32,,correct,
ynjK3wP1cV18,33,,correct,
ynjK3wP1cV18,34,,correct,
ynjK3wP1cV18,35,,correct,
ynjK3wP1cV18,36,,correct,
ynjK3wP1cV18,37,,correct,
ynjK3wP1cV18,38,,incorrect,
ynjK3wP1cV18,39,,correct,
ynjK3wP1cV18,40,,correct,
ynjK3wP1cV18,41,,correct,
ynjK3wP1cV18,42,,correct,
ynjK3wP1cV18,43,,correct,
ynjK3wP1cV18,44,,correct,
ynjK3wP1cV18,45,,incorrect,
ynjK3wP1cV18,46,,correct,
ynjK3wP1cV18,47,,incorrect,
ynjK3wP1cV18,48,,correct,
ynjK3wP1cV18,49,,incorrect,
ynjK3wP1cV18,50,,correct,
ynjK3wP1cV18,51,,incorrect,
ynjK3wP1cV18,52,,correct,
ynjK3wP1cV18,53,,correct,
ynjK3wP1cV18,54,,correct,
ynjK3wP1cV18,55,,correct,
ynjK3wP1cV18,56,,incorrect,
ynjK3wP1cV18,57,,correct,
ynjK3wP1cV18,58,,correct,
ynjK3wP1cV18,59,,correct,
ynjK3wP1cV18,60,,correct,
No1fcFHRlYfg,31,,correct,
No1fcFHRlYfg,32,,correct,
No1fcFHRlYfg,33,,correct,
No1fcFHRlYfg,34,,correct,
No1fcFHRlYfg,35,,correct,
No1fcFHRlYfg,36,,correct,
No1fcFHRlYfg,37,,correct,
No1fcFHRlYfg,38,,incorrect,
No1fcFHRlYfg,39,,correct,
No1fcFHRlYfg,40,,correct,
No1fcFHRlYfg,41,,correct,
No1fcFHRlYfg,42,,correct,
No1fcFHRlYfg,43,,correct,
No1fcFHRlYfg,44,,correct,
No1fcFHRlYfg,45,,incorrect,
No1fcFHRlYfg,46,,correct,
No1fcFHRlYfg,47,,incorrect,
No1fcFHRlYfg,48,,correct,
No1fcFHRlYfg,49,,incorrect,
No1fcFHRlYfg,50,,correct,
No1fcFHRlYfg,51,,incorrect,
No1fcFHRlYfg,52,,correct,
No1fcFHRlYfg,53,,correct,
No1fcFHRlYfg,54,,correct,
No1fcFHRlYfg,55,,correct,
No1fcFHRlYfg,56,,incorrect,
No1fcFHRlYfg,57,,correct,
No1fcFHRlYfg,58,,correct,
No1fcFHRlYfg,59,,correct,
No1fcFHRlYfg,60,,correct,
Q7dfzHYyXvOT,31,,correct,
Q7dfzHYyXvOT,32,,correct,
Q7dfzHYyXvOT,33,,correct,
Q7dfzHYyXvOT,34,,correct,
Q7dfzHYyXvOT,35,,correct,
Q7dfzHYyXvOT,36,,correct,
Q7dfzHYyXvOT,37,,correct,
Q7dfzHYyXvOT,38,,incorrect,
Q7dfzHYyXvOT,39,,correct,
Q7dfzHYyXvOT,40,,correct,
Q7dfzHYyXvOT,41,,correct,
Q7dfzHYyXvOT,42,,correct,
Q7dfzHYyXvOT,43,,correct,
Q7dfzHYyXvOT,44,,correct,
Q7dfzHYyXvOT,45,,incorrect,
Q7dfzHYyXvOT,46,,correct,
Q7dfzHYyXvOT,47,,incorrect,
Q7dfzHYyXvOT,48,,correct,
Q7dfzHYyXvOT,49,,incorrect,
Q7dfzHYyXvOT,50,,correct,
Q7dfzHYyXvOT,51,,incorrect,
Q7dfzHYyXvOT,52,,correct,
Q7dfzHYyXvOT,53,,correct,
Q7dfzHYyXvOT,54,,correct,
Q7dfzHYyXvOT,55,,correct,
Q7dfzHYyXvOT,56,,incorrect,
Q7dfzHYyXvOT,57,,correct,
Q7dfzHYyXvOT,58,,correct,
Q7dfzHYyXvOT,59,,correct,
Q7dfzHYyXvOT,60,,correct,
VqXqgB6ructd,31,,correct,
VqXqgB6ructd,32,,correct,
VqXqgB6ructd,33,,correct,
VqXqgB6ructd,34,,correct,
VqXqgB6ructd,35,,correct,
VqXqgB6ructd,36,,correct,
VqXqgB6ructd,37,,correct,
VqXqgB6ructd,38,,correct,
VqXqgB6ructd,39,,correct,
VqXqgB6ructd,40,,correct,
VqXqgB6ructd,41,,incorrect,
VqXqgB6ructd,42,,correct,
VqXqgB6ructd,43,,correct,
VqXqgB6ructd,44,,incorrect,
VqXqgB6ructd,45,,incorrect,
VqXqgB6ructd,46,,correct,
VqXqgB6ructd,47,,incorrect,
VqXqgB6ructd,48,,correct,
VqXqgB6ructd,49,,incorrect,
VqXqgB6ructd,50,,correct,
VqXqgB6ructd,51,,correct,
VqXqgB6ructd,52,,correct,
VqXqgB6ructd,53,,correct,
VqXqgB6ructd,54,,correct,
VqXqgB6ructd,55,,correct,
VqXqgB6ructd,56,,incorrect,
VqXqgB6ructd,57,,correct,
VqXqgB6ructd,58,,correct,
VqXqgB6ructd,59,,correct,
VqXqgB6ructd,60,,correct,
vqNkppoZuHFA,31,,correct,
vqNkppoZuHFA,32,,correct,
vqNkppoZuHFA,33,,correct,
vqNkppoZuHFA,34,,correct,
vqNkppoZuHFA,35,,correct,
vqNkppoZuHFA,36,,correct,
vqNkppoZuHFA,37,,correct,
vqNkppoZuHFA,38,,correct,
vqNkppoZuHFA,39,,correct,
vqNkppoZuHFA,40,,correct,
vqNkppoZuHFA,41,,incorrect,
vqNkppoZuHFA,42,,correct,
vqNkppoZuHFA,43,,correct,
vqNkppoZuHFA,44,,incorrect,
vqNkppoZuHFA,45,,incorrect,
vqNkppoZuHFA,46,,correct,
vqNkppoZuHFA,47,,incorrect,
vqNkppoZuHFA,48,,correct,
vqNkppoZuHFA,49,,incorrect,
vqNkppoZuHFA,50,,correct,
vqNkppoZuHFA,51,,correct,
vqNkppoZuHFA,52,,correct,
vqNkppoZuHFA,53,,correct,
vqNkppoZuHFA,54,,correct,
vqNkppoZuHFA,55,,correct,
vqNkppoZuHFA,56,,incorrect,
vqNkppoZuHFA,57,,correct,
vqNkppoZuHFA,58,,correct,
vqNkppoZuHFA,59,,correct,
vqNkppoZuHFA,60,,correct,
hpYESXQ1czwb,31,,correct,
hpYESXQ1czwb,32,,correct,
hpYESXQ1czwb,33,,correct,
hpYESXQ1czwb,34,,correct,
hpYESXQ1czwb,35,,correct,
hpYESXQ1czwb,36,,correct,
hpYESXQ1czwb,37,,correct,
hpYESXQ1czwb,38,,correct,
hpYESXQ1czwb,39,,correct,
hpYESXQ1czwb,40,,correct,
hpYESXQ1czwb,41,,incorrect,
hpYESXQ1czwb,42,,correct,
hpYESXQ1czwb,43,,correct,
hpYESXQ1czwb,44,,incorrect,
hpYESXQ1czwb,45,,incorrect,
hpYESXQ1czwb,46,,correct,
hpYESXQ1czwb,47,,incorrect,
hpYESXQ1czwb,48,,correct,
hpYESXQ1czwb,49,,incorrect,
hpYESXQ1czwb,50,,correct,
hpYESXQ1czwb,51,,correct,
hpYESXQ1czwb,52,,correct,
hpYESXQ1czwb,53,,correct,
hpYESXQ1czwb,54,,correct,
hpYESXQ1czwb,55,,correct,
hpYESXQ1czwb,56,,incorrect,
hpYESXQ1czwb,57,,correct,
hpYESXQ1czwb,58,,correct,
hpYESXQ1czwb,59,,correct,
hpYESXQ1czwb,60,,correct,
pJCSXvZHMyH1,31,,correct,
pJCSXvZHMyH1,32,,correct,
pJCSXvZHMyH1,33,,correct,
pJCSXvZHMyH1,34,,correct,
pJCSXvZHMyH1,35,,correct,
pJCSXvZHMyH1,36,,correct,
pJCSXvZHMyH1,37,,correct,
pJCSXvZHMyH1,38,,correct,
pJCSXvZHMyH1,39,,correct,
pJCSXvZHMyH1,40,,correct,
pJCSXvZHMyH1,41,,incorrect,
pJCSXvZHMyH1,42,,correct,
pJCSXvZHMyH1,43,,correct,
pJCSXvZHMyH1,44,,incorrect,
pJCSXvZHMyH1,45,,incorrect,
pJCSXvZHMyH1,46,,correct,
pJCSXvZHMyH1,47,,incorrect,
pJCSXvZHMyH1,48,,correct,
pJCSXvZHMyH1,49,,incorrect,
pJCSXvZHMyH1,50,,correct,
pJCSXvZHMyH1,51,,correct,
pJCSXvZHMyH1,52,,correct,
pJCSXvZHMyH1,53,,correct,
pJCSXvZHMyH1,54,,correct,
pJCSXvZHMyH1,55,,correct,
pJCSXvZHMyH1,56,,incorrect,
pJCSXvZHMyH1,57,,correct,
pJCSXvZHMyH1,58,,correct,
pJCSXvZHMyH1,59,,correct,
pJCSXvZHMyH1,60,,correct,
Mr0bz3y2IHmW,31,,correct,
Mr0bz3y2IHmW,32,,correct,
Mr0bz3y2IHmW,33,,correct,
Mr0bz3y2IHmW,34,,correct,
Mr0bz3y2IHmW,35,,correct,
Mr0bz3y2IHmW,36,,correct,
Mr0bz3y2IHmW,37,,incorrect,
Mr0bz3y2IHmW,38,,correct,
Mr0bz3y2IHmW,39,,correct,
Mr0bz3y2IHmW,40,,correct,
Mr0bz3y2IHmW,41,,correct,
Mr0bz3y2IHmW,42,,correct,
Mr0bz3y2IHmW,43,,correct,
Mr0bz3y2IHmW,44,,incorrect,
Mr0bz3y2IHmW,45,,incorrect,
Mr0bz3y2IHmW,46,,correct,
Mr0bz3y2IHmW,47,,incorrect,
Mr0bz3y2IHmW,48,,correct,
Mr0bz3y2IHmW,49,,incorrect,
Mr0bz3y2IHmW,50,,correct,
Mr0bz3y2IHmW,51,,correct,
Mr0bz3y2IHmW,52,,correct,
Mr0bz3y2IHmW,53,,correct,
Mr0bz3y2IHmW,54,,correct,
Mr0bz3y2IHmW,55,,correct,
Mr0bz3y2IHmW,56,,incorrect,
Mr0bz3y2IHmW,57,,correct,
Mr0bz3y2IHmW,58,,correct,
Mr0bz3y2IHmW,59,,correct,
Mr0bz3y2IHmW,60,,correct,
1ggBjCxnkaT8,31,,correct,
1ggBjCxnkaT8,32,,incorrect,
1ggBjCxnkaT8,33,,correct,
1ggBjCxnkaT8,34,,correct,
1ggBjCxnkaT8,35,,correct,
1ggBjCxnkaT8,36,,correct,
1ggBjCxnkaT8,37,,correct,
1ggBjCxnkaT8,38,,correct,
1ggBjCxnkaT8,39,,correct,
1ggBjCxnkaT8,40,,correct,
1ggBjCxnkaT8,41,,correct,
1ggBjCxnkaT8,42,,correct,
1ggBjCxnkaT8,43,,correct,
1ggBjCxnkaT8,44,,correct,
1ggBjCxnkaT8,45,,incorrect,
1ggBjCxnkaT8,46,,correct,
1ggBjCxnkaT8,47,,incorrect,
1ggBjCxnkaT8,48,,correct,
1ggBjCxnkaT8,49,,incorrect,
1ggBjCxnkaT8,50,,correct,
1ggBjCxnkaT8,51,,incorrect,
1ggBjCxnkaT8,52,,correct,
1ggBjCxnkaT8,53,,correct,
1ggBjCxnkaT8,54,,correct,
1ggBjCxnkaT8,55,,correct,
1ggBjCxnkaT8,56,,incorrect,
1ggBjCxnkaT8,57,,correct,
1ggBjCxnkaT8,58,,correct,
1ggBjCxnkaT8,59,,correct,
1ggBjCxnkaT8,60,,correct,
2AQDG30NeIzY,31,,correct,
2AQDG30NeIzY,32,,incorrect,
2AQDG30NeIzY,33,,correct,
2AQDG30NeIzY,34,,correct,
2AQDG30NeIzY,35,,correct,
2AQDG30NeIzY,36,,correct,
2AQDG30NeIzY,37,,correct,
2AQDG30NeIzY,38,,correct,
2AQDG30NeIzY,39,,correct,
2AQDG30NeIzY,40,,correct,
2AQDG30NeIzY,41,,correct,
2AQDG30NeIzY,42,,correct,
2AQDG30NeIzY,43,,correct,
2AQDG30NeIzY,44,,correct,
2AQDG30NeIzY,45,,incorrect,
2AQDG30NeIzY,46,,correct,
2AQDG30NeIzY,47,,incorrect,
2AQDG30NeIzY,48,,correct,
2AQDG30NeIzY,49,,incorrect,
2AQDG30NeIzY,50,,correct,
2AQDG30NeIzY,51,,correct,
2AQDG30NeIzY,52,,correct,
2AQDG30NeIzY,53,,correct,
2AQDG30NeIzY,54,,correct,
2AQDG30NeIzY,55,,correct,
2AQDG30NeIzY,56,,incorrect,
2AQDG30NeIzY,57,,correct,
2AQDG30NeIzY,58,,correct,
2AQDG30NeIzY,59,,correct,
2AQDG30NeIzY,60,,correct,
5WCMaHHFn6WV,31,,correct,
5WCMaHHFn6WV,32,,incorrect,
5WCMaHHFn6WV,33,,correct,
5WCMaHHFn6WV,34,,correct,
5WCMaHHFn6WV,35,,correct,
5WCMaHHFn6WV,36,,correct,
5WCMaHHFn6WV,37,,correct,
5WCMaHHFn6WV,38,,incorrect,
5WCMaHHFn6WV,39,,correct,
5WCMaHHFn6WV,40,,correct,
5WCMaHHFn6WV,41,,correct,
5WCMaHHFn6WV,42,,correct,
5WCMaHHFn6WV,43,,correct,
5WCMaHHFn6WV,44,,correct,
5WCMaHHFn6WV,45,,incorrect,
5WCMaHHFn6WV,46,,correct,
5WCMaHHFn6WV,47,,incorrect,
5WCMaHHFn6WV,48,,correct,
5WCMaHHFn6WV,49,,incorrect,
5WCMaHHFn6WV,50,,correct,
5WCMaHHFn6WV,51,,correct,
5WCMaHHFn6WV,52,,correct,
5WCMaHHFn6WV,53,,correct,
5WCMaHHFn6WV,54,,correct,
5WCMaHHFn6WV,55,,correct,
5WCMaHHFn6WV,56,,incorrect,
5WCMaHHFn6WV,57,,correct,
5WCMaHHFn6WV,58,,correct,
5WCMaHHFn6WV,59,,correct,
5WCMaHHFn6WV,60,,correct,
TYE4dgTYGdCn,31,,incorrect,
TYE4dgTYGdCn,32,,correct,
TYE4dgTYGdCn,33,,correct,
TYE4dgTYGdCn,34,,correct,
TYE4dgTYGdCn,35,,correct,
TYE4dgTYGdCn,36,,correct,
TYE4dgTYGdCn,37,,correct,
TYE4dgTYGdCn,38,,correct,
TYE4dgTYGdCn,39,,correct,
TYE4dgTYGdCn,40,,correct,
TYE4dgTYGdCn,41,,incorrect,
TYE4dgTYGdCn,42,,correct,
TYE4dgTYGdCn,43,,correct,
TYE4dgTYGdCn,44,,incorrect,
TYE4dgTYGdCn,45,,incorrect,
TYE4dgTYGdCn,46,,correct,
TYE4dgTYGdCn,47,,incorrect,
TYE4dgTYGdCn,48,,correct,
TYE4dgTYGdCn,49,,incorrect,
TYE4dgTYGdCn,50,,correct,
TYE4dgTYGdCn,51,,correct,
TYE4dgTYGdCn,52,,correct,
TYE4dgTYGdCn,53,,correct,
TYE4dgTYGdCn,54,,correct,
TYE4dgTYGdCn,55,,correct,
TYE4dgTYGdCn,56,,incorrect,
TYE4dgTYGdCn,57,,correct,
TYE4dgTYGdCn,58,,correct,
TYE4dgTYGdCn,59,,correct,
TYE4dgTYGdCn,60,,correct,
VgoqnXYkjUhL,31,,correct,
VgoqnXYkjUhL,32,,correct,
VgoqnXYkjUhL,33,,correct,
VgoqnXYkjUhL,34,,correct,
VgoqnXYkjUhL,35,,correct,
VgoqnXYkjUhL,36,,correct,
VgoqnXYkjUhL,37,,correct,
VgoqnXYkjUhL,38,,incorrect,
VgoqnXYkjUhL,39,,correct,
VgoqnXYkjUhL,40,,correct,
VgoqnXYkjUhL,41,,incorrect,
VgoqnXYkjUhL,42,,correct,
VgoqnXYkjUhL,43,,correct,
VgoqnXYkjUhL,44,,incorrect,
VgoqnXYkjUhL,45,,incorrect,
VgoqnXYkjUhL,46,,correct,
VgoqnXYkjUhL,47,,incorrect,
VgoqnXYkjUhL,48,,correct,
VgoqnXYkjUhL,49,,incorrect,
VgoqnXYkjUhL,50,,correct,
VgoqnXYkjUhL,51,,correct,
VgoqnXYkjUhL,52,,correct,
VgoqnXYkjUhL,53,,correct,
VgoqnXYkjUhL,54,,correct,
VgoqnXYkjUhL,55,,correct,
VgoqnXYkjUhL,56,,incorrect,
VgoqnXYkjUhL,57,,correct,
VgoqnXYkjUhL,58,,correct,
VgoqnXYkjUhL,59,,correct,
VgoqnXYkjUhL,60,,correct,
DI3Mqi034afd,31,,correct,
DI3Mqi034afd,32,,correct,
DI3Mqi034afd,33,,correct,
DI3Mqi034afd,34,,correct,
DI3Mqi034afd,35,,correct,
DI3Mqi034afd,36,,correct,
DI3Mqi034afd,37,,correct,
DI3Mqi034afd,38,,incorrect,
DI3Mqi034afd,39,,correct,
DI3Mqi034afd,40,,correct,
DI3Mqi034afd,41,,incorrect,
DI3Mqi034afd,42,,correct,
DI3Mqi034afd,43,,correct,
DI3Mqi034afd,44,,incorrect,
DI3Mqi034afd,45,,incorrect,
DI3Mqi034afd,46,,correct,
DI3Mqi034afd,47,,incorrect,
DI3Mqi034afd,48,,correct,
DI3Mqi034afd,49,,incorrect,
DI3Mqi034afd,50,,correct,
DI3Mqi034afd,51,,correct,
DI3Mqi034afd,52,,correct,
DI3Mqi034afd,53,,correct,
DI3Mqi034afd,54,,correct,
DI3Mqi034afd,55,,correct,
DI3Mqi034afd,56,,incorrect,
DI3Mqi034afd,57,,correct,
DI3Mqi034afd,58,,correct,
DI3Mqi034afd,59,,correct,
DI3Mqi034afd,60,,correct,
Oc5QucHDsmjC,31,,correct,
Oc5QucHDsmjC,32,,correct,
Oc5QucHDsmjC,33,,correct,
Oc5QucHDsmjC,34,,correct,
Oc5QucHDsmjC,35,,correct,
Oc5QucHDsmjC,36,,correct,
Oc5QucHDsmjC,37,,correct,
Oc5QucHDsmjC,38,,incorrect,
Oc5QucHDsmjC,39,,correct,
Oc5QucHDsmjC,40,,correct,
Oc5QucHDsmjC,41,,incorrect,
Oc5QucHDsmjC,42,,correct,
Oc5QucHDsmjC,43,,correct,
Oc5QucHDsmjC,44,,incorrect,
Oc5QucHDsmjC,45,,incorrect,
Oc5QucHDsmjC,46,,correct,
Oc5QucHDsmjC,47,,incorrect,
Oc5QucHDsmjC,48,,correct,
Oc5QucHDsmjC,49,,incorrect,
Oc5QucHDsmjC,50,,correct,
Oc5QucHDsmjC,51,,correct,
Oc5QucHDsmjC,52,,correct,
Oc5QucHDsmjC,53,,correct,
Oc5QucHDsmjC,54,,correct,
Oc5QucHDsmjC,55,,correct,
Oc5QucHDsmjC,56,,incorrect,
Oc5QucHDsmjC,57,,correct,
Oc5QucHDsmjC,58,,correct,
Oc5QucHDsmjC,59,,correct,
Oc5QucHDsmjC,60,,correct,
vgAkx62M3oPn,31,,correct,
vgAkx62M3oPn,32,,incorrect,
vgAkx62M3oPn,33,,correct,
vgAkx62M3oPn,34,,correct,
vgAkx62M3oPn,35,,correct,
vgAkx62M3oPn,36,,incorrect,
vgAkx62M3oPn,37,,correct,
vgAkx62M3oPn,38,,incorrect,
vgAkx62M3oPn,39,,correct,
vgAkx62M3oPn,40,,correct,
vgAkx62M3oPn,41,,correct,
vgAkx62M3oPn,42,,correct,
vgAkx62M3oPn,43,,correct,
vgAkx62M3oPn,44,,correct,
vgAkx62M3oPn,45,,incorrect,
vgAkx62M3oPn,46,,correct,
vgAkx62M3oPn,47,,correct,
vgAkx62M3oPn,48,,correct,
vgAkx62M3oPn,49,,incorrect,
vgAkx62M3oPn,50,,correct,
vgAkx62M3oPn,51,,correct,
vgAkx62M3oPn,52,,correct,
vgAkx62M3oPn,53,,correct,
vgAkx62M3oPn,54,,correct,
vgAkx62M3oPn,55,,correct,
vgAkx62M3oPn,56,,incorrect,
vgAkx62M3oPn,57,,correct,
vgAkx62M3oPn,58,,correct,
vgAkx62M3oPn,59,,correct,
vgAkx62M3oPn,60,,correct,
nWRIo9XQJBPf,31,,incorrect,
nWRIo9XQJBPf,32,,correct,
nWRIo9XQJBPf,33,,correct,
nWRIo9XQJBPf,34,,correct,
nWRIo9XQJBPf,35,,correct,
nWRIo9XQJBPf,36,,incorrect,
nWRIo9XQJBPf,37,,correct,
nWRIo9XQJBPf,38,,correct,
nWRIo9XQJBPf,39,,correct,
nWRIo9XQJBPf,40,,correct,
nWRIo9XQJBPf,41,,correct,
nWRIo9XQJBPf,42,,correct,
nWRIo9XQJBPf,43,,correct,
nWRIo9XQJBPf,44,,correct,
nWRIo9XQJBPf,45,,incorrect,
nWRIo9XQJBPf,46,,correct,
nWRIo9XQJBPf,47,,correct,
nWRIo9XQJBPf,48,,incorrect,
nWRIo9XQJBPf,49,,incorrect,
nWRIo9XQJBPf,50,,correct,
nWRIo9XQJBPf,51,,correct,
nWRIo9XQJBPf,52,,correct,
nWRIo9XQJBPf,53,,correct,
nWRIo9XQJBPf,54,,correct,
nWRIo9XQJBPf,55,,correct,
nWRIo9XQJBPf,56,,incorrect,
nWRIo9XQJBPf,57,,correct,
nWRIo9XQJBPf,58,,correct,
nWRIo9XQJBPf,59,,correct,
nWRIo9XQJBPf,60,,correct,
0Hpj01paAdfZ,31,,correct,
0Hpj01paAdfZ,32,,correct,
0Hpj01paAdfZ,33,,correct,
0Hpj01paAdfZ,34,,correct,
0Hpj01paAdfZ,35,,correct,
0Hpj01paAdfZ,36,,correct,
0Hpj01paAdfZ,37,,incorrect,
0Hpj01paAdfZ,38,,correct,
0Hpj01paAdfZ,39,,correct,
0Hpj01paAdfZ,40,,correct,
0Hpj01paAdfZ,41,,incorrect,
0Hpj01paAdfZ,42,,correct,
0Hpj01paAdfZ,43,,incorrect,
0Hpj01paAdfZ,44,,correct,
0Hpj01paAdfZ,45,,incorrect,
0Hpj01paAdfZ,46,,correct,
0Hpj01paAdfZ,47,,incorrect,
0Hpj01paAdfZ,48,,correct,
0Hpj01paAdfZ,49,,incorrect,
0Hpj01paAdfZ,50,,correct,
0Hpj01paAdfZ,51,,correct,
0Hpj01paAdfZ,52,,correct,
0Hpj01paAdfZ,53,,correct,
0Hpj01paAdfZ,54,,correct,
0Hpj01paAdfZ,55,,correct,
0Hpj01paAdfZ,56,,incorrect,
0Hpj01paAdfZ,57,,correct,
0Hpj01paAdfZ,58,,correct,
0Hpj01paAdfZ,59,,incorrect,
0Hpj01paAdfZ,60,,correct,
P76XnTmOjZzU,31,,incorrect,
P76XnTmOjZzU,32,,correct,
P76XnTmOjZzU,33,,correct,
P76XnTmOjZzU,34,,correct,
P76XnTmOjZzU,35,,correct,
P76XnTmOjZzU,36,,correct,
P76XnTmOjZzU,37,,correct,
P76XnTmOjZzU,38,,incorrect,
P76XnTmOjZzU,39,,correct,
P76XnTmOjZzU,40,,correct,
P76XnTmOjZzU,41,,incorrect,
P76XnTmOjZzU,42,,correct,
P76XnTmOjZzU,43,,correct,
P76XnTmOjZzU,44,,correct,
P76XnTmOjZzU,45,,incorrect,
P76XnTmOjZzU,46,,correct,
P76XnTmOjZzU,47,,incorrect,
P76XnTmOjZzU,48,,correct,
P76XnTmOjZzU,49,,incorrect,
P76XnTmOjZzU,50,,correct,
P76XnTmOjZzU,51,,correct,
P76XnTmOjZzU,52,,correct,
P76XnTmOjZzU,53,,correct,
P76XnTmOjZzU,54,,correct,
P76XnTmOjZzU,55,,correct,
P76XnTmOjZzU,56,,incorrect,
P76XnTmOjZzU,57,,correct,
P76XnTmOjZzU,58,,correct,
P76XnTmOjZzU,59,,correct,
P76XnTmOjZzU,60,,correct,
jkDHRLkdOO06,31,,incorrect,
jkDHRLkdOO06,32,,correct,
jkDHRLkdOO06,33,,correct,
jkDHRLkdOO06,34,,correct,
jkDHRLkdOO06,35,,correct,
jkDHRLkdOO06,36,,correct,
jkDHRLkdOO06,37,,correct,
jkDHRLkdOO06,38,,incorrect,
jkDHRLkdOO06,39,,correct,
jkDHRLkdOO06,40,,correct,
jkDHRLkdOO06,41,,incorrect,
jkDHRLkdOO06,42,,correct,
jkDHRLkdOO06,43,,correct,
jkDHRLkdOO06,44,,correct,
jkDHRLkdOO06,45,,incorrect,
jkDHRLkdOO06,46,,correct,
jkDHRLkdOO06,47,,incorrect,
jkDHRLkdOO06,48,,correct,
jkDHRLkdOO06,49,,incorrect,
jkDHRLkdOO06,50,,correct,
jkDHRLkdOO06,51,,correct,
jkDHRLkdOO06,52,,correct,
jkDHRLkdOO06,53,,correct,
jkDHRLkdOO06,54,,correct,
jkDHRLkdOO06,55,,correct,
jkDHRLkdOO06,56,,incorrect,
jkDHRLkdOO06,57,,correct,
jkDHRLkdOO06,58,,correct,
jkDHRLkdOO06,59,,correct,
jkDHRLkdOO06,60,,correct,
cCanr1FJP4WP,31,,incorrect,
cCanr1FJP4WP,32,,correct,
cCanr1FJP4WP,33,,correct,
cCanr1FJP4WP,34,,correct,
cCanr1FJP4WP,35,,correct,
cCanr1FJP4WP,36,,correct,
cCanr1FJP4WP,37,,correct,
cCanr1FJP4WP,38,,incorrect,
cCanr1FJP4WP,39,,correct,
cCanr1FJP4WP,40,,correct,
cCanr1FJP4WP,41,,incorrect,
cCanr1FJP4WP,42,,correct,
cCanr1FJP4WP,43,,correct,
cCanr1FJP4WP,44,,correct,
cCanr1FJP4WP,45,,incorrect,
cCanr1FJP4WP,46,,correct,
cCanr1FJP4WP,47,,incorrect,
cCanr1FJP4WP,48,,correct,
cCanr1FJP4WP,49,,incorrect,
cCanr1FJP4WP,50,,correct,
cCanr1FJP4WP,51,,correct,
cCanr1FJP4WP,52,,correct,
cCanr1FJP4WP,53,,correct,
cCanr1FJP4WP,54,,correct,
cCanr1FJP4WP,55,,correct,
cCanr1FJP4WP,56,,incorrect,
cCanr1FJP4WP,57,,correct,
cCanr1FJP4WP,58,,correct,
cCanr1FJP4WP,59,,correct,
cCanr1FJP4WP,60,,correct,
CprL2LITeTET,31,,incorrect,
CprL2LITeTET,32,,correct,
CprL2LITeTET,33,,correct,
CprL2LITeTET,34,,correct,
CprL2LITeTET,35,,correct,
CprL2LITeTET,36,,correct,
CprL2LITeTET,37,,correct,
CprL2LITeTET,38,,incorrect,
CprL2LITeTET,39,,correct,
CprL2LITeTET,40,,correct,
CprL2LITeTET,41,,incorrect,
CprL2LITeTET,42,,correct,
CprL2LITeTET,43,,correct,
CprL2LITeTET,44,,correct,
CprL2LITeTET,45,,incorrect,
CprL2LITeTET,46,,correct,
CprL2LITeTET,47,,incorrect,
CprL2LITeTET,48,,correct,
CprL2LITeTET,49,,incorrect,
CprL2LITeTET,50,,correct,
CprL2LITeTET,51,,correct,
CprL2LITeTET,52,,correct,
CprL2LITeTET,53,,correct,
CprL2LITeTET,54,,correct,
CprL2LITeTET,55,,correct,
CprL2LITeTET,56,,incorrect,
CprL2LITeTET,57,,correct,
CprL2LITeTET,58,,correct,
CprL2LITeTET,59,,correct,
CprL2LITeTET,60,,correct,
wLeCyVvKyFT8,31,,incorrect,
wLeCyVvKyFT8,32,,incorrect,
wLeCyVvKyFT8,33,,correct,
wLeCyVvKyFT8,34,,correct,
wLeCyVvKyFT8,35,,correct,
wLeCyVvKyFT8,36,,correct,
wLeCyVvKyFT8,37,,correct,
wLeCyVvKyFT8,38,,correct,
wLeCyVvKyFT8,39,,correct,
wLeCyVvKyFT8,40,,correct,
wLeCyVvKyFT8,41,,correct,
wLeCyVvKyFT8,42,,correct,
wLeCyVvKyFT8,43,,incorrect,
wLeCyVvKyFT8,44,,correct,
wLeCyVvKyFT8,45,,incorrect,
wLeCyVvKyFT8,46,,correct,
wLeCyVvKyFT8,47,,incorrect,
wLeCyVvKyFT8,48,,correct,
wLeCyVvKyFT8,49,,incorrect,
wLeCyVvKyFT8,50,,correct,
wLeCyVvKyFT8,51,,correct,
wLeCyVvKyFT8,52,,correct,
wLeCyVvKyFT8,53,,correct,
wLeCyVvKyFT8,54,,correct,
wLeCyVvKyFT8,55,,correct,
wLeCyVvKyFT8,56,,incorrect,
wLeCyVvKyFT8,57,,correct,
wLeCyVvKyFT8,58,,correct,
wLeCyVvKyFT8,59,,correct,
wLeCyVvKyFT8,60,,correct,
w1PmKgj9FomZ,31,,correct,
w1PmKgj9FomZ,32,,incorrect,
w1PmKgj9FomZ,33,,correct,
w1PmKgj9FomZ,34,,correct,
w1PmKgj9FomZ,35,,correct,
w1PmKgj9FomZ,36,,correct,
w1PmKgj9FomZ,37,,correct,
w1PmKgj9FomZ,38,,incorrect,
w1PmKgj9FomZ,39,,correct,
w1PmKgj9FomZ,40,,correct,
w1PmKgj9FomZ,41,,correct,
w1PmKgj9FomZ,42,,correct,
w1PmKgj9FomZ,43,,incorrect,
w1PmKgj9FomZ,44,,correct,
w1PmKgj9FomZ,45,,incorrect,
w1PmKgj9FomZ,46,,correct,
w1PmKgj9FomZ,47,,incorrect,
w1PmKgj9FomZ,48,,correct,
w1PmKgj9FomZ,49,,incorrect,
w1PmKgj9FomZ,50,,correct,
w1PmKgj9FomZ,51,,correct,
w1PmKgj9FomZ,52,,correct,
w1PmKgj9FomZ,53,,correct,
w1PmKgj9FomZ,54,,correct,
w1PmKgj9FomZ,55,,correct,
w1PmKgj9FomZ,56,,incorrect,
w1PmKgj9FomZ,57,,correct,
w1PmKgj9FomZ,58,,correct,
w1PmKgj9FomZ,59,,correct,
w1PmKgj9FomZ,60,,correct,
OHaSXzUdzChO,31,,correct,
OHaSXzUdzChO,32,,incorrect,
OHaSXzUdzChO,33,,correct,
OHaSXzUdzChO,34,,correct,
OHaSXzUdzChO,35,,correct,
OHaSXzUdzChO,36,,correct,
OHaSXzUdzChO,37,,correct,
OHaSXzUdzChO,38,,incorrect,
OHaSXzUdzChO,39,,correct,
OHaSXzUdzChO,40,,correct,
OHaSXzUdzChO,41,,correct,
OHaSXzUdzChO,42,,correct,
OHaSXzUdzChO,43,,incorrect,
OHaSXzUdzChO,44,,correct,
OHaSXzUdzChO,45,,incorrect,
OHaSXzUdzChO,46,,correct,
OHaSXzUdzChO,47,,incorrect,
OHaSXzUdzChO,48,,correct,
OHaSXzUdzChO,49,,incorrect,
OHaSXzUdzChO,50,,correct,
OHaSXzUdzChO,51,,correct,
OHaSXzUdzChO,52,,correct,
OHaSXzUdzChO,53,,correct,
OHaSXzUdzChO,54,,correct,
OHaSXzUdzChO,55,,correct,
OHaSXzUdzChO,56,,incorrect,
OHaSXzUdzChO,57,,correct,
OHaSXzUdzChO,58,,correct,
OHaSXzUdzChO,59,,correct,
OHaSXzUdzChO,60,,correct,
C6BcTLw4mOKQ,31,,correct,
C6BcTLw4mOKQ,32,,incorrect,
C6BcTLw4mOKQ,33,,correct,
C6BcTLw4mOKQ,34,,correct,
C6BcTLw4mOKQ,35,,correct,
C6BcTLw4mOKQ,36,,correct,
C6BcTLw4mOKQ,37,,correct,
C6BcTLw4mOKQ,38,,incorrect,
C6BcTLw4mOKQ,39,,correct,
C6BcTLw4mOKQ,40,,correct,
C6BcTLw4mOKQ,41,,correct,
C6BcTLw4mOKQ,42,,correct,
C6BcTLw4mOKQ,43,,incorrect,
C6BcTLw4mOKQ,44,,correct,
C6BcTLw4mOKQ,45,,incorrect,
C6BcTLw4mOKQ,46,,correct,
C6BcTLw4mOKQ,47,,incorrect,
C6BcTLw4mOKQ,48,,correct,
C6BcTLw4mOKQ,49,,incorrect,
C6BcTLw4mOKQ,50,,correct,
C6BcTLw4mOKQ,51,,correct,
C6BcTLw4mOKQ,52,,correct,
C6BcTLw4mOKQ,53,,correct,
C6BcTLw4mOKQ,54,,correct,
C6BcTLw4mOKQ,55,,correct,
C6BcTLw4mOKQ,56,,incorrect,
C6BcTLw4mOKQ,57,,correct,
C6BcTLw4mOKQ,58,,correct,
C6BcTLw4mOKQ,59,,correct,
C6BcTLw4mOKQ,60,,correct,
tZNKhSZpzqOT,31,,incorrect,
tZNKhSZpzqOT,32,,correct,
tZNKhSZpzqOT,33,,correct,
tZNKhSZpzqOT,34,,incorrect,
tZNKhSZpzqOT,35,,correct,
tZNKhSZpzqOT,36,,correct,
tZNKhSZpzqOT,37,,correct,
tZNKhSZpzqOT,38,,incorrect,
tZNKhSZpzqOT,39,,correct,
tZNKhSZpzqOT,40,,correct,
tZNKhSZpzqOT,41,,correct,
tZNKhSZpzqOT,42,,correct,
tZNKhSZpzqOT,43,,correct,
tZNKhSZpzqOT,44,,correct,
tZNKhSZpzqOT,45,,incorrect,
tZNKhSZpzqOT,46,,correct,
tZNKhSZpzqOT,47,,incorrect,
tZNKhSZpzqOT,48,,correct,
tZNKhSZpzqOT,49,,incorrect,
tZNKhSZpzqOT,50,,correct,
tZNKhSZpzqOT,51,,correct,
tZNKhSZpzqOT,52,,correct,
tZNKhSZpzqOT,53,,correct,
tZNKhSZpzqOT,54,,correct,
tZNKhSZpzqOT,55,,correct,
tZNKhSZpzqOT,56,,incorrect,
tZNKhSZpzqOT,57,,correct,
tZNKhSZpzqOT,58,,correct,
tZNKhSZpzqOT,59,,correct,
tZNKhSZpzqOT,60,,correct,
RM55e8d3Jbjm,31,,correct,
RM55e8d3Jbjm,32,,incorrect,
RM55e8d3Jbjm,33,,correct,
RM55e8d3Jbjm,34,,correct,
RM55e8d3Jbjm,35,,correct,
RM55e8d3Jbjm,36,,correct,
RM55e8d3Jbjm,37,,correct,
RM55e8d3Jbjm,38,,correct,
RM55e8d3Jbjm,39,,correct,
RM55e8d3Jbjm,40,,correct,
RM55e8d3Jbjm,41,,correct,
RM55e8d3Jbjm,42,,correct,
RM55e8d3Jbjm,43,,incorrect,
RM55e8d3Jbjm,44,,correct,
RM55e8d3Jbjm,45,,incorrect,
RM55e8d3Jbjm,46,,correct,
RM55e8d3Jbjm,47,,incorrect,
RM55e8d3Jbjm,48,,correct,
RM55e8d3Jbjm,49,,incorrect,
RM55e8d3Jbjm,50,,correct,
RM55e8d3Jbjm,51,,correct,
RM55e8d3Jbjm,52,,correct,
RM55e8d3Jbjm,53,,correct,
RM55e8d3Jbjm,54,,correct,
RM55e8d3Jbjm,55,,correct,
RM55e8d3Jbjm,56,,incorrect,
RM55e8d3Jbjm,57,,incorrect,
RM55e8d3Jbjm,58,,correct,
RM55e8d3Jbjm,59,,correct,
RM55e8d3Jbjm,60,,correct,
CyGywfdJf5VZ,31,,correct,
CyGywfdJf5VZ,32,,correct,
CyGywfdJf5VZ,33,,correct,
CyGywfdJf5VZ,34,,correct,
CyGywfdJf5VZ,35,,correct,
CyGywfdJf5VZ,36,,correct,
CyGywfdJf5VZ,37,,correct,
CyGywfdJf5VZ,38,,incorrect,
CyGywfdJf5VZ,39,,correct,
CyGywfdJf5VZ,40,,correct,
CyGywfdJf5VZ,41,,correct,
CyGywfdJf5VZ,42,,correct,
CyGywfdJf5VZ,43,,incorrect,
CyGywfdJf5VZ,44,,incorrect,
CyGywfdJf5VZ,45,,incorrect,
CyGywfdJf5VZ,46,,correct,
CyGywfdJf5VZ,47,,incorrect,
CyGywfdJf5VZ,48,,correct,
CyGywfdJf5VZ,49,,incorrect,
CyGywfdJf5VZ,50,,correct,
CyGywfdJf5VZ,51,,correct,
CyGywfdJf5VZ,52,,correct,
CyGywfdJf5VZ,53,,correct,
CyGywfdJf5VZ,54,,correct,
CyGywfdJf5VZ,55,,correct,
CyGywfdJf5VZ,56,,incorrect,
CyGywfdJf5VZ,57,,correct,
CyGywfdJf5VZ,58,,incorrect,
CyGywfdJf5VZ,59,,correct,
CyGywfdJf5VZ,60,,correct,
R8OVhINU7nka,31,,correct,
R8OVhINU7nka,32,,correct,
R8OVhINU7nka,33,,correct,
R8OVhINU7nka,34,,correct,
R8OVhINU7nka,35,,correct,
R8OVhINU7nka,36,,incorrect,
R8OVhINU7nka,37,,incorrect,
R8OVhINU7nka,38,,incorrect,
R8OVhINU7nka,39,,correct,
R8OVhINU7nka,40,,correct,
R8OVhINU7nka,41,,correct,
R8OVhINU7nka,42,,correct,
R8OVhINU7nka,43,,incorrect,
R8OVhINU7nka,44,,correct,
R8OVhINU7nka,45,,incorrect,
R8OVhINU7nka,46,,correct,
R8OVhINU7nka,47,,incorrect,
R8OVhINU7nka,48,,correct,
R8OVhINU7nka,49,,incorrect,
R8OVhINU7nka,50,,correct,
R8OVhINU7nka,51,,correct,
R8OVhINU7nka,52,,correct,
R8OVhINU7nka,53,,correct,
R8OVhINU7nka,54,,correct,
R8OVhINU7nka,55,,correct,
R8OVhINU7nka,56,,incorrect,
R8OVhINU7nka,57,,correct,
R8OVhINU7nka,58,,correct,
R8OVhINU7nka,59,,correct,
R8OVhINU7nka,60,,correct,
6k8WibIW0Img,31,,correct,
6k8WibIW0Img,32,,incorrect,
6k8WibIW0Img,33,,correct,
6k8WibIW0Img,34,,correct,
6k8WibIW0Img,35,,correct,
6k8WibIW0Img,36,,correct,
6k8WibIW0Img,37,,correct,
6k8WibIW0Img,38,,incorrect,
6k8WibIW0Img,39,,correct,
6k8WibIW0Img,40,,correct,
6k8WibIW0Img,41,,correct,
6k8WibIW0Img,42,,correct,
6k8WibIW0Img,43,,correct,
6k8WibIW0Img,44,,correct,
6k8WibIW0Img,45,,incorrect,
6k8WibIW0Img,46,,correct,
6k8WibIW0Img,47,,incorrect,
6k8WibIW0Img,48,,correct,
6k8WibIW0Img,49,,incorrect,
6k8WibIW0Img,50,,correct,
6k8WibIW0Img,51,,incorrect,
6k8WibIW0Img,52,,correct,
6k8WibIW0Img,53,,correct,
6k8WibIW0Img,54,,correct,
6k8WibIW0Img,55,,correct,
6k8WibIW0Img,56,,incorrect,
6k8WibIW0Img,57,,correct,
6k8WibIW0Img,58,,correct,
6k8WibIW0Img,59,,correct,
6k8WibIW0Img,60,,correct,
SOvsRqc7VPKI,31,,correct,
SOvsRqc7VPKI,32,,incorrect,
SOvsRqc7VPKI,33,,correct,
SOvsRqc7VPKI,34,,correct,
SOvsRqc7VPKI,35,,correct,
SOvsRqc7VPKI,36,,correct,
SOvsRqc7VPKI,37,,correct,
SOvsRqc7VPKI,38,,incorrect,
SOvsRqc7VPKI,39,,correct,
SOvsRqc7VPKI,40,,correct,
SOvsRqc7VPKI,41,,correct,
SOvsRqc7VPKI,42,,correct,
SOvsRqc7VPKI,43,,correct,
SOvsRqc7VPKI,44,,correct,
SOvsRqc7VPKI,45,,incorrect,
SOvsRqc7VPKI,46,,correct,
SOvsRqc7VPKI,47,,incorrect,
SOvsRqc7VPKI,48,,correct,
SOvsRqc7VPKI,49,,incorrect,
SOvsRqc7VPKI,50,,correct,
SOvsRqc7VPKI,51,,incorrect,
SOvsRqc7VPKI,52,,correct,
SOvsRqc7VPKI,53,,correct,
SOvsRqc7VPKI,54,,correct,
SOvsRqc7VPKI,55,,correct,
SOvsRqc7VPKI,56,,incorrect,
SOvsRqc7VPKI,57,,correct,
SOvsRqc7VPKI,58,,correct,
SOvsRqc7VPKI,59,,correct,
SOvsRqc7VPKI,60,,correct,
RjR3B2X554Pn,31,,correct,
RjR3B2X554Pn,32,,incorrect,
RjR3B2X554Pn,33,,correct,
RjR3B2X554Pn,34,,correct,
RjR3B2X554Pn,35,,correct,
RjR3B2X554Pn,36,,correct,
RjR3B2X554Pn,37,,incorrect,
RjR3B2X554Pn,38,,incorrect,
RjR3B2X554Pn,39,,correct,
RjR3B2X554Pn,40,,correct,
RjR3B2X554Pn,41,,correct,
RjR3B2X554Pn,42,,correct,
RjR3B2X554Pn,43,,incorrect,
RjR3B2X554Pn,44,,correct,
RjR3B2X554Pn,45,,incorrect,
RjR3B2X554Pn,46,,incorrect,
RjR3B2X554Pn,47,,correct,
RjR3B2X554Pn,48,,correct,
RjR3B2X554Pn,49,,incorrect,
RjR3B2X554Pn,50,,correct,
RjR3B2X554Pn,51,,correct,
RjR3B2X554Pn,52,,correct,
RjR3B2X554Pn,53,,correct,
RjR3B2X554Pn,54,,correct,
RjR3B2X554Pn,55,,correct,
RjR3B2X554Pn,56,,incorrect,
RjR3B2X554Pn,57,,correct,
RjR3B2X554Pn,58,,correct,
RjR3B2X554Pn,59,,correct,
RjR3B2X554Pn,60,,correct,
o2VbFpgtLwG2,31,,correct,
o2VbFpgtLwG2,32,,correct,
o2VbFpgtLwG2,33,,correct,
o2VbFpgtLwG2,34,,correct,
o2VbFpgtLwG2,35,,correct,
o2VbFpgtLwG2,36,,incorrect,
o2VbFpgtLwG2,37,,incorrect,
o2VbFpgtLwG2,38,,incorrect,
o2VbFpgtLwG2,39,,correct,
o2VbFpgtLwG2,40,,correct,
o2VbFpgtLwG2,41,,correct,
o2VbFpgtLwG2,42,,correct,
o2VbFpgtLwG2,43,,correct,
o2VbFpgtLwG2,44,,correct,
o2VbFpgtLwG2,45,,incorrect,
o2VbFpgtLwG2,46,,correct,
o2VbFpgtLwG2,47,,incorrect,
o2VbFpgtLwG2,48,,correct,
o2VbFpgtLwG2,49,,incorrect,
o2VbFpgtLwG2,50,,correct,
o2VbFpgtLwG2,51,,correct,
o2VbFpgtLwG2,52,,correct,
o2VbFpgtLwG2,53,,correct,
o2VbFpgtLwG2,54,,correct,
o2VbFpgtLwG2,55,,correct,
o2VbFpgtLwG2,56,,incorrect,
o2VbFpgtLwG2,57,,correct,
o2VbFpgtLwG2,58,,correct,
o2VbFpgtLwG2,59,,correct,
o2VbFpgtLwG2,60,,correct,
QJyEL3O7YA2f,31,,correct,
QJyEL3O7YA2f,32,,correct,
QJyEL3O7YA2f,33,,correct,
QJyEL3O7YA2f,34,,correct,
QJyEL3O7YA2f,35,,correct,
QJyEL3O7YA2f,36,,correct,
QJyEL3O7YA2f,37,,correct,
QJyEL3O7YA2f,38,,incorrect,
QJyEL3O7YA2f,39,,correct,
QJyEL3O7YA2f,40,,correct,
QJyEL3O7YA2f,41,,correct,
QJyEL3O7YA2f,42,,correct,
QJyEL3O7YA2f,43,,correct,
QJyEL3O7YA2f,44,,correct,
QJyEL3O7YA2f,45,,incorrect,
QJyEL3O7YA2f,46,,correct,
QJyEL3O7YA2f,47,,incorrect,
QJyEL3O7YA2f,48,,correct,
QJyEL3O7YA2f,49,,incorrect,
QJyEL3O7YA2f,50,,correct,
QJyEL3O7YA2f,51,,correct,
QJyEL3O7YA2f,52,,correct,
QJyEL3O7YA2f,53,,correct,
QJyEL3O7YA2f,54,,correct,
QJyEL3O7YA2f,55,,correct,
QJyEL3O7YA2f,56,,incorrect,
QJyEL3O7YA2f,57,,correct,
QJyEL3O7YA2f,58,,correct,
QJyEL3O7YA2f,59,,correct,
QJyEL3O7YA2f,60,,correct,
tmTN8RB25aRn,31,,correct,
tmTN8RB25aRn,32,,incorrect,
tmTN8RB25aRn,33,,correct,
tmTN8RB25aRn,34,,correct,
tmTN8RB25aRn,35,,correct,
tmTN8RB25aRn,36,,correct,
tmTN8RB25aRn,37,,correct,
tmTN8RB25aRn,38,,incorrect,
tmTN8RB25aRn,39,,correct,
tmTN8RB25aRn,40,,correct,
tmTN8RB25aRn,41,,correct,
tmTN8RB25aRn,42,,correct,
tmTN8RB25aRn,43,,incorrect,
tmTN8RB25aRn,44,,correct,
tmTN8RB25aRn,45,,incorrect,
tmTN8RB25aRn,46,,correct,
tmTN8RB25aRn,47,,incorrect,
tmTN8RB25aRn,48,,correct,
tmTN8RB25aRn,49,,incorrect,
tmTN8RB25aRn,50,,correct,
tmTN8RB25aRn,51,,correct,
tmTN8RB25aRn,52,,correct,
tmTN8RB25aRn,53,,correct,
tmTN8RB25aRn,54,,correct,
tmTN8RB25aRn,55,,correct,
tmTN8RB25aRn,56,,incorrect,
tmTN8RB25aRn,57,,correct,
tmTN8RB25aRn,58,,correct,
tmTN8RB25aRn,59,,correct,
tmTN8RB25aRn,60,,correct,
m7l9wOWJlnvS,31,,incorrect,
m7l9wOWJlnvS,32,,correct,
m7l9wOWJlnvS,33,,correct,
m7l9wOWJlnvS,34,,correct,
m7l9wOWJlnvS,35,,correct,
m7l9wOWJlnvS,36,,correct,
m7l9wOWJlnvS,37,,correct,
m7l9wOWJlnvS,38,,incorrect,
m7l9wOWJlnvS,39,,correct,
m7l9wOWJlnvS,40,,correct,
m7l9wOWJlnvS,41,,incorrect,
m7l9wOWJlnvS,42,,correct,
m7l9wOWJlnvS,43,,incorrect,
m7l9wOWJlnvS,44,,correct,
m7l9wOWJlnvS,45,,incorrect,
m7l9wOWJlnvS,46,,correct,
m7l9wOWJlnvS,47,,incorrect,
m7l9wOWJlnvS,48,,correct,
m7l9wOWJlnvS,49,,incorrect,
m7l9wOWJlnvS,50,,correct,
m7l9wOWJlnvS,51,,correct,
m7l9wOWJlnvS,52,,correct,
m7l9wOWJlnvS,53,,correct,
m7l9wOWJlnvS,54,,correct,
m7l9wOWJlnvS,55,,correct,
m7l9wOWJlnvS,56,,incorrect,
m7l9wOWJlnvS,57,,correct,
m7l9wOWJlnvS,58,,correct,
m7l9wOWJlnvS,59,,correct,
m7l9wOWJlnvS,60,,correct,
AQklHbi5bt8l,31,,incorrect,
AQklHbi5bt8l,32,,incorrect,
AQklHbi5bt8l,33,,correct,
AQklHbi5bt8l,34,,correct,
AQklHbi5bt8l,35,,correct,
AQklHbi5bt8l,36,,correct,
AQklHbi5bt8l,37,,correct,
AQklHbi5bt8l,38,,correct,
AQklHbi5bt8l,39,,correct,
AQklHbi5bt8l,40,,correct,
AQklHbi5bt8l,41,,correct,
AQklHbi5bt8l,42,,correct,
AQklHbi5bt8l,43,,incorrect,
AQklHbi5bt8l,44,,correct,
AQklHbi5bt8l,45,,incorrect,
AQklHbi5bt8l,46,,correct,
AQklHbi5bt8l,47,,incorrect,
AQklHbi5bt8l,48,,correct,
AQklHbi5bt8l,49,,incorrect,
AQklHbi5bt8l,50,,correct,
AQklHbi5bt8l,51,,correct,
AQklHbi5bt8l,52,,correct,
AQklHbi5bt8l,53,,correct,
AQklHbi5bt8l,54,,correct,
AQklHbi5bt8l,55,,correct,
AQklHbi5bt8l,56,,incorrect,
AQklHbi5bt8l,57,,correct,
AQklHbi5bt8l,58,,correct,
AQklHbi5bt8l,59,,correct,
AQklHbi5bt8l,60,,correct,
KwlNeadgH2OL,31,,correct,
KwlNeadgH2OL,32,,correct,
KwlNeadgH2OL,33,,correct,
KwlNeadgH2OL,34,,correct,
KwlNeadgH2OL,35,,correct,
KwlNeadgH2OL,36,,incorrect,
KwlNeadgH2OL,37,,correct,
KwlNeadgH2OL,38,,incorrect,
KwlNeadgH2OL,39,,correct,
KwlNeadgH2OL,40,,correct,
KwlNeadgH2OL,41,,correct,
KwlNeadgH2OL,42,,correct,
KwlNeadgH2OL,43,,correct,
KwlNeadgH2OL,44,,incorrect,
KwlNeadgH2OL,45,,incorrect,
KwlNeadgH2OL,46,,correct,
KwlNeadgH2OL,47,,incorrect,
KwlNeadgH2OL,48,,correct,
KwlNeadgH2OL,49,,incorrect,
KwlNeadgH2OL,50,,correct,
KwlNeadgH2OL,51,,correct,
KwlNeadgH2OL,52,,correct,
KwlNeadgH2OL,53,,correct,
KwlNeadgH2OL,54,,correct,
KwlNeadgH2OL,55,,correct,
KwlNeadgH2OL,56,,incorrect,
KwlNeadgH2OL,57,,correct,
KwlNeadgH2OL,58,,correct,
KwlNeadgH2OL,59,,correct,
KwlNeadgH2OL,60,,correct,
OLMmduueQtv7,31,,incorrect,
OLMmduueQtv7,32,,incorrect,
OLMmduueQtv7,33,,correct,
OLMmduueQtv7,34,,correct,
OLMmduueQtv7,35,,correct,
OLMmduueQtv7,36,,correct,
OLMmduueQtv7,37,,correct,
OLMmduueQtv7,38,,incorrect,
OLMmduueQtv7,39,,correct,
OLMmduueQtv7,40,,correct,
OLMmduueQtv7,41,,correct,
OLMmduueQtv7,42,,correct,
OLMmduueQtv7,43,,incorrect,
OLMmduueQtv7,44,,correct,
OLMmduueQtv7,45,,incorrect,
OLMmduueQtv7,46,,incorrect,
OLMmduueQtv7,47,,correct,
OLMmduueQtv7,48,,correct,
OLMmduueQtv7,49,,incorrect,
OLMmduueQtv7,50,,correct,
OLMmduueQtv7,51,,correct,
OLMmduueQtv7,52,,correct,
OLMmduueQtv7,53,,correct,
OLMmduueQtv7,54,,correct,
OLMmduueQtv7,55,,correct,
OLMmduueQtv7,56,,incorrect,
OLMmduueQtv7,57,,correct,
OLMmduueQtv7,58,,correct,
OLMmduueQtv7,59,,correct,
OLMmduueQtv7,60,,correct,
yKhvr1tKGpJF,31,,incorrect,
yKhvr1tKGpJF,32,,incorrect,
yKhvr1tKGpJF,33,,correct,
yKhvr1tKGpJF,34,,correct,
yKhvr1tKGpJF,35,,correct,
yKhvr1tKGpJF,36,,correct,
yKhvr1tKGpJF,37,,correct,
yKhvr1tKGpJF,38,,incorrect,
yKhvr1tKGpJF,39,,correct,
yKhvr1tKGpJF,40,,correct,
yKhvr1tKGpJF,41,,correct,
yKhvr1tKGpJF,42,,correct,
yKhvr1tKGpJF,43,,incorrect,
yKhvr1tKGpJF,44,,correct,
yKhvr1tKGpJF,45,,incorrect,
yKhvr1tKGpJF,46,,correct,
yKhvr1tKGpJF,47,,incorrect,
yKhvr1tKGpJF,48,,correct,
yKhvr1tKGpJF,49,,incorrect,
yKhvr1tKGpJF,50,,correct,
yKhvr1tKGpJF,51,,correct,
yKhvr1tKGpJF,52,,correct,
yKhvr1tKGpJF,53,,correct,
yKhvr1tKGpJF,54,,correct,
yKhvr1tKGpJF,55,,correct,
yKhvr1tKGpJF,56,,incorrect,
yKhvr1tKGpJF,57,,correct,
yKhvr1tKGpJF,58,,correct,
yKhvr1tKGpJF,59,,correct,
yKhvr1tKGpJF,60,,correct,
xPRdKA5UBNGM,31,,incorrect,
xPRdKA5UBNGM,32,,correct,
xPRdKA5UBNGM,33,,correct,
xPRdKA5UBNGM,34,,correct,
xPRdKA5UBNGM,35,,correct,
xPRdKA5UBNGM,36,,correct,
xPRdKA5UBNGM,37,,correct,
xPRdKA5UBNGM,38,,incorrect,
xPRdKA5UBNGM,39,,correct,
xPRdKA5UBNGM,40,,correct,
xPRdKA5UBNGM,41,,incorrect,
xPRdKA5UBNGM,42,,correct,
xPRdKA5UBNGM,43,,correct,
xPRdKA5UBNGM,44,,correct,
xPRdKA5UBNGM,45,,incorrect,
xPRdKA5UBNGM,46,,correct,
xPRdKA5UBNGM,47,,incorrect,
xPRdKA5UBNGM,48,,incorrect,
xPRdKA5UBNGM,49,,incorrect,
xPRdKA5UBNGM,50,,correct,
xPRdKA5UBNGM,51,,correct,
xPRdKA5UBNGM,52,,correct,
xPRdKA5UBNGM,53,,correct,
xPRdKA5UBNGM,54,,correct,
xPRdKA5UBNGM,55,,correct,
xPRdKA5UBNGM,56,,incorrect,
xPRdKA5UBNGM,57,,correct,
xPRdKA5UBNGM,58,,correct,
xPRdKA5UBNGM,59,,correct,
xPRdKA5UBNGM,60,,correct,
7VLP2mvnxjRS,31,,correct,
7VLP2mvnxjRS,32,,correct,
7VLP2mvnxjRS,33,,correct,
7VLP2mvnxjRS,34,,correct,
7VLP2mvnxjRS,35,,correct,
7VLP2mvnxjRS,36,,incorrect,
7VLP2mvnxjRS,37,,correct,
7VLP2mvnxjRS,38,,correct,
7VLP2mvnxjRS,39,,correct,
7VLP2mvnxjRS,40,,correct,
7VLP2mvnxjRS,41,,incorrect,
7VLP2mvnxjRS,42,,correct,
7VLP2mvnxjRS,43,,correct,
7VLP2mvnxjRS,44,,incorrect,
7VLP2mvnxjRS,45,,incorrect,
7VLP2mvnxjRS,46,,correct,
7VLP2mvnxjRS,47,,incorrect,
7VLP2mvnxjRS,48,,correct,
7VLP2mvnxjRS,49,,incorrect,
7VLP2mvnxjRS,50,,correct,
7VLP2mvnxjRS,51,,correct,
7VLP2mvnxjRS,52,,correct,
7VLP2mvnxjRS,53,,correct,
7VLP2mvnxjRS,54,,correct,
7VLP2mvnxjRS,55,,correct,
7VLP2mvnxjRS,56,,incorrect,
7VLP2mvnxjRS,57,,correct,
7VLP2mvnxjRS,58,,correct,
7VLP2mvnxjRS,59,,incorrect,
7VLP2mvnxjRS,60,,correct,
AG7urKue7Fzv,31,,correct,
AG7urKue7Fzv,32,,correct,
AG7urKue7Fzv,33,,correct,
AG7urKue7Fzv,34,,correct,
AG7urKue7Fzv,35,,correct,
AG7urKue7Fzv,36,,incorrect,
AG7urKue7Fzv,37,,correct,
AG7urKue7Fzv,38,,incorrect,
AG7urKue7Fzv,39,,correct,
AG7urKue7Fzv,40,,correct,
AG7urKue7Fzv,41,,correct,
AG7urKue7Fzv,42,,correct,
AG7urKue7Fzv,43,,correct,
AG7urKue7Fzv,44,,correct,
AG7urKue7Fzv,45,,incorrect,
AG7urKue7Fzv,46,,correct,
AG7urKue7Fzv,47,,incorrect,
AG7urKue7Fzv,48,,correct,
AG7urKue7Fzv,49,,incorrect,
AG7urKue7Fzv,50,,correct,
AG7urKue7Fzv,51,,correct,
AG7urKue7Fzv,52,,correct,
AG7urKue7Fzv,53,,correct,
AG7urKue7Fzv,54,,correct,
AG7urKue7Fzv,55,,correct,
AG7urKue7Fzv,56,,incorrect,
AG7urKue7Fzv,57,,correct,
AG7urKue7Fzv,58,,correct,
AG7urKue7Fzv,59,,correct,
AG7urKue7Fzv,60,,correct,
Lo0o6MK08TyI,31,,incorrect,
Lo0o6MK08TyI,32,,incorrect,
Lo0o6MK08TyI,33,,correct,
Lo0o6MK08TyI,34,,correct,
Lo0o6MK08TyI,35,,correct,
Lo0o6MK08TyI,36,,correct,
Lo0o6MK08TyI,37,,correct,
Lo0o6MK08TyI,38,,incorrect,
Lo0o6MK08TyI,39,,correct,
Lo0o6MK08TyI,40,,correct,
Lo0o6MK08TyI,41,,correct,
Lo0o6MK08TyI,42,,correct,
Lo0o6MK08TyI,43,,incorrect,
Lo0o6MK08TyI,44,,correct,
Lo0o6MK08TyI,45,,incorrect,
Lo0o6MK08TyI,46,,correct,
Lo0o6MK08TyI,47,,incorrect,
Lo0o6MK08TyI,48,,correct,
Lo0o6MK08TyI,49,,incorrect,
Lo0o6MK08TyI,50,,correct,
Lo0o6MK08TyI,51,,correct,
Lo0o6MK08TyI,52,,correct,
Lo0o6MK08TyI,53,,correct,
Lo0o6MK08TyI,54,,correct,
Lo0o6MK08TyI,55,,correct,
Lo0o6MK08TyI,56,,incorrect,
Lo0o6MK08TyI,57,,correct,
Lo0o6MK08TyI,58,,correct,
Lo0o6MK08TyI,59,,correct,
Lo0o6MK08TyI,60,,correct,
a9ej6jzpNOPn,31,,incorrect,
a9ej6jzpNOPn,32,,correct,
a9ej6jzpNOPn,33,,correct,
a9ej6jzpNOPn,34,,correct,
a9ej6jzpNOPn,35,,correct,
a9ej6jzpNOPn,36,,correct,
a9ej6jzpNOPn,37,,correct,
a9ej6jzpNOPn,38,,incorrect,
a9ej6jzpNOPn,39,,correct,
a9ej6jzpNOPn,40,,correct,
a9ej6jzpNOPn,41,,correct,
a9ej6jzpNOPn,42,,correct,
a9ej6jzpNOPn,43,,correct,
a9ej6jzpNOPn,44,,correct,
a9ej6jzpNOPn,45,,incorrect,
a9ej6jzpNOPn,46,,correct,
a9ej6jzpNOPn,47,,incorrect,
a9ej6jzpNOPn,48,,correct,
a9ej6jzpNOPn,49,,incorrect,
a9ej6jzpNOPn,50,,correct,
a9ej6jzpNOPn,51,,correct,
a9ej6jzpNOPn,52,,correct,
a9ej6jzpNOPn,53,,correct,
a9ej6jzpNOPn,54,,correct,
a9ej6jzpNOPn,55,,correct,
a9ej6jzpNOPn,56,,incorrect,
a9ej6jzpNOPn,57,,correct,
a9ej6jzpNOPn,58,,correct,
a9ej6jzpNOPn,59,,correct,
a9ej6jzpNOPn,60,,correct,
Za018kn2raFk,31,,correct,
Za018kn2raFk,32,,incorrect,
Za018kn2raFk,33,,correct,
Za018kn2raFk,34,,correct,
Za018kn2raFk,35,,correct,
Za018kn2raFk,36,,correct,
Za018kn2raFk,37,,correct,
Za018kn2raFk,38,,incorrect,
Za018kn2raFk,39,,correct,
Za018kn2raFk,40,,correct,
Za018kn2raFk,41,,correct,
Za018kn2raFk,42,,correct,
Za018kn2raFk,43,,correct,
Za018kn2raFk,44,,correct,
Za018kn2raFk,45,,incorrect,
Za018kn2raFk,46,,correct,
Za018kn2raFk,47,,incorrect,
Za018kn2raFk,48,,correct,
Za018kn2raFk,49,,incorrect,
Za018kn2raFk,50,,correct,
Za018kn2raFk,51,,incorrect,
Za018kn2raFk,52,,correct,
Za018kn2raFk,53,,correct,
Za018kn2raFk,54,,correct,
Za018kn2raFk,55,,correct,
Za018kn2raFk,56,,incorrect,
Za018kn2raFk,57,,correct,
Za018kn2raFk,58,,correct,
Za018kn2raFk,59,,correct,
Za018kn2raFk,60,,correct,
N0qYmYE8QD78,31,,correct,
N0qYmYE8QD78,32,,incorrect,
N0qYmYE8QD78,33,,correct,
N0qYmYE8QD78,34,,correct,
N0qYmYE8QD78,35,,correct,
N0qYmYE8QD78,36,,correct,
N0qYmYE8QD78,37,,incorrect,
N0qYmYE8QD78,38,,correct,
N0qYmYE8QD78,39,,correct,
N0qYmYE8QD78,40,,correct,
N0qYmYE8QD78,41,,incorrect,
N0qYmYE8QD78,42,,correct,
N0qYmYE8QD78,43,,correct,
N0qYmYE8QD78,44,,correct,
N0qYmYE8QD78,45,,incorrect,
N0qYmYE8QD78,46,,correct,
N0qYmYE8QD78,47,,incorrect,
N0qYmYE8QD78,48,,correct,
N0qYmYE8QD78,49,,incorrect,
N0qYmYE8QD78,50,,correct,
N0qYmYE8QD78,51,,correct,
N0qYmYE8QD78,52,,correct,
N0qYmYE8QD78,53,,correct,
N0qYmYE8QD78,54,,incorrect,
N0qYmYE8QD78,55,,correct,
N0qYmYE8QD78,56,,incorrect,
N0qYmYE8QD78,57,,correct,
N0qYmYE8QD78,58,,incorrect,
N0qYmYE8QD78,59,,correct,
N0qYmYE8QD78,60,,correct,
1tnkUsBnGX2u,31,,correct,
1tnkUsBnGX2u,32,,correct,
1tnkUsBnGX2u,33,,correct,
1tnkUsBnGX2u,34,,correct,
1tnkUsBnGX2u,35,,correct,
1tnkUsBnGX2u,36,,correct,
1tnkUsBnGX2u,37,,correct,
1tnkUsBnGX2u,38,,incorrect,
1tnkUsBnGX2u,39,,correct,
1tnkUsBnGX2u,40,,correct,
1tnkUsBnGX2u,41,,correct,
1tnkUsBnGX2u,42,,correct,
1tnkUsBnGX2u,43,,correct,
1tnkUsBnGX2u,44,,correct,
1tnkUsBnGX2u,45,,incorrect,
1tnkUsBnGX2u,46,,correct,
1tnkUsBnGX2u,47,,incorrect,
1tnkUsBnGX2u,48,,correct,
1tnkUsBnGX2u,49,,incorrect,
1tnkUsBnGX2u,50,,correct,
1tnkUsBnGX2u,51,,correct,
1tnkUsBnGX2u,52,,correct,
1tnkUsBnGX2u,53,,correct,
1tnkUsBnGX2u,54,,correct,
1tnkUsBnGX2u,55,,correct,
1tnkUsBnGX2u,56,,incorrect,
1tnkUsBnGX2u,57,,correct,
1tnkUsBnGX2u,58,,incorrect,
1tnkUsBnGX2u,59,,correct,
1tnkUsBnGX2u,60,,correct,
xlLz8YVMGkvs,31,,correct,
xlLz8YVMGkvs,32,,incorrect,
xlLz8YVMGkvs,33,,correct,
xlLz8YVMGkvs,34,,incorrect,
xlLz8YVMGkvs,35,,correct,
xlLz8YVMGkvs,36,,incorrect,
xlLz8YVMGkvs,37,,correct,
xlLz8YVMGkvs,38,,incorrect,
xlLz8YVMGkvs,39,,correct,
xlLz8YVMGkvs,40,,correct,
xlLz8YVMGkvs,41,,correct,
xlLz8YVMGkvs,42,,correct,
xlLz8YVMGkvs,43,,incorrect,
xlLz8YVMGkvs,44,,correct,
xlLz8YVMGkvs,45,,incorrect,
xlLz8YVMGkvs,46,,correct,
xlLz8YVMGkvs,47,,incorrect,
xlLz8YVMGkvs,48,,correct,
xlLz8YVMGkvs,49,,incorrect,
xlLz8YVMGkvs,50,,correct,
xlLz8YVMGkvs,51,,correct,
xlLz8YVMGkvs,52,,correct,
xlLz8YVMGkvs,53,,correct,
xlLz8YVMGkvs,54,,correct,
xlLz8YVMGkvs,55,,correct,
xlLz8YVMGkvs,56,,incorrect,
xlLz8YVMGkvs,57,,correct,
xlLz8YVMGkvs,58,,correct,
xlLz8YVMGkvs,59,,correct,
xlLz8YVMGkvs,60,,correct,
kfwxRJXSzs3o,31,,correct,
kfwxRJXSzs3o,32,,correct,
kfwxRJXSzs3o,33,,correct,
kfwxRJXSzs3o,34,,correct,
kfwxRJXSzs3o,35,,correct,
kfwxRJXSzs3o,36,,correct,
kfwxRJXSzs3o,37,,correct,
kfwxRJXSzs3o,38,,incorrect,
kfwxRJXSzs3o,39,,correct,
kfwxRJXSzs3o,40,,correct,
kfwxRJXSzs3o,41,,correct,
kfwxRJXSzs3o,42,,correct,
kfwxRJXSzs3o,43,,correct,
kfwxRJXSzs3o,44,,correct,
kfwxRJXSzs3o,45,,incorrect,
kfwxRJXSzs3o,46,,correct,
kfwxRJXSzs3o,47,,incorrect,
kfwxRJXSzs3o,48,,correct,
kfwxRJXSzs3o,49,,incorrect,
kfwxRJXSzs3o,50,,correct,
kfwxRJXSzs3o,51,,correct,
kfwxRJXSzs3o,52,,correct,
kfwxRJXSzs3o,53,,correct,
kfwxRJXSzs3o,54,,correct,
kfwxRJXSzs3o,55,,correct,
kfwxRJXSzs3o,56,,incorrect,
kfwxRJXSzs3o,57,,correct,
kfwxRJXSzs3o,58,,correct,
kfwxRJXSzs3o,59,,incorrect,
kfwxRJXSzs3o,60,,correct,
GiNOB0aoa84q,31,,correct,
GiNOB0aoa84q,32,,correct,
GiNOB0aoa84q,33,,correct,
GiNOB0aoa84q,34,,correct,
GiNOB0aoa84q,35,,correct,
GiNOB0aoa84q,36,,incorrect,
GiNOB0aoa84q,37,,correct,
GiNOB0aoa84q,38,,incorrect,
GiNOB0aoa84q,39,,correct,
GiNOB0aoa84q,40,,correct,
GiNOB0aoa84q,41,,correct,
GiNOB0aoa84q,42,,correct,
GiNOB0aoa84q,43,,correct,
GiNOB0aoa84q,44,,correct,
GiNOB0aoa84q,45,,incorrect,
GiNOB0aoa84q,46,,correct,
GiNOB0aoa84q,47,,incorrect,
GiNOB0aoa84q,48,,correct,
GiNOB0aoa84q,49,,incorrect,
GiNOB0aoa84q,50,,incorrect,
GiNOB0aoa84q,51,,correct,
GiNOB0aoa84q,52,,correct,
GiNOB0aoa84q,53,,correct,
GiNOB0aoa84q,54,,correct,
GiNOB0aoa84q,55,,correct,
GiNOB0aoa84q,56,,incorrect,
GiNOB0aoa84q,57,,correct,
GiNOB0aoa84q,58,,correct,
GiNOB0aoa84q,59,,correct,
GiNOB0aoa84q,60,,correct,
sCNAQlTJzusQ,31,,incorrect,
sCNAQlTJzusQ,32,,incorrect,
sCNAQlTJzusQ,33,,correct,
sCNAQlTJzusQ,34,,correct,
sCNAQlTJzusQ,35,,correct,
sCNAQlTJzusQ,36,,correct,
sCNAQlTJzusQ,37,,correct,
sCNAQlTJzusQ,38,,incorrect,
sCNAQlTJzusQ,39,,correct,
sCNAQlTJzusQ,40,,correct,
sCNAQlTJzusQ,41,,correct,
sCNAQlTJzusQ,42,,correct,
sCNAQlTJzusQ,43,,incorrect,
sCNAQlTJzusQ,44,,correct,
sCNAQlTJzusQ,45,,incorrect,
sCNAQlTJzusQ,46,,incorrect,
sCNAQlTJzusQ,47,,correct,
sCNAQlTJzusQ,48,,correct,
sCNAQlTJzusQ,49,,incorrect,
sCNAQlTJzusQ,50,,correct,
sCNAQlTJzusQ,51,,correct,
sCNAQlTJzusQ,52,,correct,
sCNAQlTJzusQ,53,,correct,
sCNAQlTJzusQ,54,,correct,
sCNAQlTJzusQ,55,,correct,
sCNAQlTJzusQ,56,,incorrect,
sCNAQlTJzusQ,57,,correct,
sCNAQlTJzusQ,58,,correct,
sCNAQlTJzusQ,59,,correct,
sCNAQlTJzusQ,60,,correct,
W0EkQhrkI3an,31,,incorrect,
W0EkQhrkI3an,32,,incorrect,
W0EkQhrkI3an,33,,correct,
W0EkQhrkI3an,34,,correct,
W0EkQhrkI3an,35,,correct,
W0EkQhrkI3an,36,,correct,
W0EkQhrkI3an,37,,correct,
W0EkQhrkI3an,38,,incorrect,
W0EkQhrkI3an,39,,correct,
W0EkQhrkI3an,40,,correct,
W0EkQhrkI3an,41,,correct,
W0EkQhrkI3an,42,,correct,
W0EkQhrkI3an,43,,correct,
W0EkQhrkI3an,44,,correct,
W0EkQhrkI3an,45,,incorrect,
W0EkQhrkI3an,46,,incorrect,
W0EkQhrkI3an,47,,incorrect,
W0EkQhrkI3an,48,,correct,
W0EkQhrkI3an,49,,incorrect,
W0EkQhrkI3an,50,,correct,
W0EkQhrkI3an,51,,correct,
W0EkQhrkI3an,52,,correct,
W0EkQhrkI3an,53,,correct,
W0EkQhrkI3an,54,,correct,
W0EkQhrkI3an,55,,correct,
W0EkQhrkI3an,56,,incorrect,
W0EkQhrkI3an,57,,correct,
W0EkQhrkI3an,58,,correct,
W0EkQhrkI3an,59,,correct,
W0EkQhrkI3an,60,,correct,
oVyzGGgOFu4f,31,,correct,
oVyzGGgOFu4f,32,,correct,
oVyzGGgOFu4f,33,,correct,
oVyzGGgOFu4f,34,,correct,
oVyzGGgOFu4f,35,,correct,
oVyzGGgOFu4f,36,,incorrect,
oVyzGGgOFu4f,37,,correct,
oVyzGGgOFu4f,38,,incorrect,
oVyzGGgOFu4f,39,,correct,
oVyzGGgOFu4f,40,,correct,
oVyzGGgOFu4f,41,,correct,
oVyzGGgOFu4f,42,,correct,
oVyzGGgOFu4f,43,,correct,
oVyzGGgOFu4f,44,,incorrect,
oVyzGGgOFu4f,45,,incorrect,
oVyzGGgOFu4f,46,,correct,
oVyzGGgOFu4f,47,,incorrect,
oVyzGGgOFu4f,48,,correct,
oVyzGGgOFu4f,49,,incorrect,
oVyzGGgOFu4f,50,,correct,
oVyzGGgOFu4f,51,,correct,
oVyzGGgOFu4f,52,,incorrect,
oVyzGGgOFu4f,53,,correct,
oVyzGGgOFu4f,54,,correct,
oVyzGGgOFu4f,55,,correct,
oVyzGGgOFu4f,56,,incorrect,
oVyzGGgOFu4f,57,,correct,
oVyzGGgOFu4f,58,,correct,
oVyzGGgOFu4f,59,,correct,
oVyzGGgOFu4f,60,,correct,
I93EMGZEU4vI,31,,incorrect,
I93EMGZEU4vI,32,,incorrect,
I93EMGZEU4vI,33,,correct,
I93EMGZEU4vI,34,,correct,
I93EMGZEU4vI,35,,correct,
I93EMGZEU4vI,36,,correct,
I93EMGZEU4vI,37,,correct,
I93EMGZEU4vI,38,,incorrect,
I93EMGZEU4vI,39,,correct,
I93EMGZEU4vI,40,,correct,
I93EMGZEU4vI,41,,incorrect,
I93EMGZEU4vI,42,,correct,
I93EMGZEU4vI,43,,correct,
I93EMGZEU4vI,44,,correct,
I93EMGZEU4vI,45,,incorrect,
I93EMGZEU4vI,46,,correct,
I93EMGZEU4vI,47,,incorrect,
I93EMGZEU4vI,48,,incorrect,
I93EMGZEU4vI,49,,incorrect,
I93EMGZEU4vI,50,,correct,
I93EMGZEU4vI,51,,correct,
I93EMGZEU4vI,52,,correct,
I93EMGZEU4vI,53,,correct,
I93EMGZEU4vI,54,,correct,
I93EMGZEU4vI,55,,correct,
I93EMGZEU4vI,56,,incorrect,
I93EMGZEU4vI,57,,correct,
I93EMGZEU4vI,58,,correct,
I93EMGZEU4vI,59,,correct,
I93EMGZEU4vI,60,,correct,
e35NZ2cItyz9,31,,incorrect,
e35NZ2cItyz9,32,,incorrect,
e35NZ2cItyz9,33,,correct,
e35NZ2cItyz9,34,,correct,
e35NZ2cItyz9,35,,correct,
e35NZ2cItyz9,36,,correct,
e35NZ2cItyz9,37,,correct,
e35NZ2cItyz9,38,,incorrect,
e35NZ2cItyz9,39,,correct,
e35NZ2cItyz9,40,,correct,
e35NZ2cItyz9,41,,incorrect,
e35NZ2cItyz9,42,,correct,
e35NZ2cItyz9,43,,correct,
e35NZ2cItyz9,44,,correct,
e35NZ2cItyz9,45,,incorrect,
e35NZ2cItyz9,46,,correct,
e35NZ2cItyz9,47,,incorrect,
e35NZ2cItyz9,48,,incorrect,
e35NZ2cItyz9,49,,incorrect,
e35NZ2cItyz9,50,,correct,
e35NZ2cItyz9,51,,correct,
e35NZ2cItyz9,52,,correct,
e35NZ2cItyz9,53,,correct,
e35NZ2cItyz9,54,,correct,
e35NZ2cItyz9,55,,correct,
e35NZ2cItyz9,56,,incorrect,
e35NZ2cItyz9,57,,correct,
e35NZ2cItyz9,58,,correct,
e35NZ2cItyz9,59,,correct,
e35NZ2cItyz9,60,,correct,
ylh73EEFQ8CD,31,,incorrect,
ylh73EEFQ8CD,32,,incorrect,
ylh73EEFQ8CD,33,,correct,
ylh73EEFQ8CD,34,,correct,
ylh73EEFQ8CD,35,,correct,
ylh73EEFQ8CD,36,,correct,
ylh73EEFQ8CD,37,,correct,
ylh73EEFQ8CD,38,,incorrect,
ylh73EEFQ8CD,39,,correct,
ylh73EEFQ8CD,40,,correct,
ylh73EEFQ8CD,41,,incorrect,
ylh73EEFQ8CD,42,,correct,
ylh73EEFQ8CD,43,,correct,
ylh73EEFQ8CD,44,,correct,
ylh73EEFQ8CD,45,,incorrect,
ylh73EEFQ8CD,46,,correct,
ylh73EEFQ8CD,47,,incorrect,
ylh73EEFQ8CD,48,,incorrect,
ylh73EEFQ8CD,49,,incorrect,
ylh73EEFQ8CD,50,,correct,
ylh73EEFQ8CD,51,,correct,
ylh73EEFQ8CD,52,,correct,
ylh73EEFQ8CD,53,,correct,
ylh73EEFQ8CD,54,,correct,
ylh73EEFQ8CD,55,,correct,
ylh73EEFQ8CD,56,,incorrect,
ylh73EEFQ8CD,57,,correct,
ylh73EEFQ8CD,58,,correct,
ylh73EEFQ8CD,59,,correct,
ylh73EEFQ8CD,60,,correct,
St7VKJfT2MTq,31,,correct,
St7VKJfT2MTq,32,,correct,
St7VKJfT2MTq,33,,correct,
St7VKJfT2MTq,34,,correct,
St7VKJfT2MTq,35,,correct,
St7VKJfT2MTq,36,,incorrect,
St7VKJfT2MTq,37,,correct,
St7VKJfT2MTq,38,,correct,
St7VKJfT2MTq,39,,correct,
St7VKJfT2MTq,40,,correct,
St7VKJfT2MTq,41,,incorrect,
St7VKJfT2MTq,42,,correct,
St7VKJfT2MTq,43,,incorrect,
St7VKJfT2MTq,44,,incorrect,
St7VKJfT2MTq,45,,incorrect,
St7VKJfT2MTq,46,,correct,
St7VKJfT2MTq,47,,incorrect,
St7VKJfT2MTq,48,,correct,
St7VKJfT2MTq,49,,incorrect,
St7VKJfT2MTq,50,,correct,
St7VKJfT2MTq,51,,correct,
St7VKJfT2MTq,52,,correct,
St7VKJfT2MTq,53,,correct,
St7VKJfT2MTq,54,,correct,
St7VKJfT2MTq,55,,correct,
St7VKJfT2MTq,56,,incorrect,
St7VKJfT2MTq,57,,correct,
St7VKJfT2MTq,58,,correct,
St7VKJfT2MTq,59,,incorrect,
St7VKJfT2MTq,60,,correct,
RZdtks4i4HNy,31,,incorrect,
RZdtks4i4HNy,32,,incorrect,
RZdtks4i4HNy,33,,correct,
RZdtks4i4HNy,34,,correct,
RZdtks4i4HNy,35,,correct,
RZdtks4i4HNy,36,,correct,
RZdtks4i4HNy,37,,incorrect,
RZdtks4i4HNy,38,,correct,
RZdtks4i4HNy,39,,correct,
RZdtks4i4HNy,40,,correct,
RZdtks4i4HNy,41,,correct,
RZdtks4i4HNy,42,,correct,
RZdtks4i4HNy,43,,incorrect,
RZdtks4i4HNy,44,,correct,
RZdtks4i4HNy,45,,incorrect,
RZdtks4i4HNy,46,,incorrect,
RZdtks4i4HNy,47,,incorrect,
RZdtks4i4HNy,48,,incorrect,
RZdtks4i4HNy,49,,incorrect,
RZdtks4i4HNy,50,,correct,
RZdtks4i4HNy,51,,correct,
RZdtks4i4HNy,52,,correct,
RZdtks4i4HNy,53,,correct,
RZdtks4i4HNy,54,,correct,
RZdtks4i4HNy,55,,correct,
RZdtks4i4HNy,56,,incorrect,
RZdtks4i4HNy,57,,correct,
RZdtks4i4HNy,58,,correct,
RZdtks4i4HNy,59,,correct,
RZdtks4i4HNy,60,,correct,
oF1pjrJTOBWB,31,,correct,
oF1pjrJTOBWB,32,,correct,
oF1pjrJTOBWB,33,,correct,
oF1pjrJTOBWB,34,,correct,
oF1pjrJTOBWB,35,,correct,
oF1pjrJTOBWB,36,,incorrect,
oF1pjrJTOBWB,37,,correct,
oF1pjrJTOBWB,38,,correct,
oF1pjrJTOBWB,39,,correct,
oF1pjrJTOBWB,40,,correct,
oF1pjrJTOBWB,41,,correct,
oF1pjrJTOBWB,42,,correct,
oF1pjrJTOBWB,43,,incorrect,
oF1pjrJTOBWB,44,,correct,
oF1pjrJTOBWB,45,,incorrect,
oF1pjrJTOBWB,46,,incorrect,
oF1pjrJTOBWB,47,,incorrect,
oF1pjrJTOBWB,48,,correct,
oF1pjrJTOBWB,49,,incorrect,
oF1pjrJTOBWB,50,,correct,
oF1pjrJTOBWB,51,,correct,
oF1pjrJTOBWB,52,,correct,
oF1pjrJTOBWB,53,,correct,
oF1pjrJTOBWB,54,,correct,
oF1pjrJTOBWB,55,,correct,
oF1pjrJTOBWB,56,,incorrect,
oF1pjrJTOBWB,57,,correct,
oF1pjrJTOBWB,58,,correct,
oF1pjrJTOBWB,59,,correct,
oF1pjrJTOBWB,60,,correct,
pS17HUA271Nx,31,,incorrect,
pS17HUA271Nx,32,,incorrect,
pS17HUA271Nx,33,,correct,
pS17HUA271Nx,34,,correct,
pS17HUA271Nx,35,,correct,
pS17HUA271Nx,36,,correct,
pS17HUA271Nx,37,,correct,
pS17HUA271Nx,38,,incorrect,
pS17HUA271Nx,39,,correct,
pS17HUA271Nx,40,,correct,
pS17HUA271Nx,41,,correct,
pS17HUA271Nx,42,,correct,
pS17HUA271Nx,43,,incorrect,
pS17HUA271Nx,44,,correct,
pS17HUA271Nx,45,,incorrect,
pS17HUA271Nx,46,,correct,
pS17HUA271Nx,47,,incorrect,
pS17HUA271Nx,48,,correct,
pS17HUA271Nx,49,,incorrect,
pS17HUA271Nx,50,,correct,
pS17HUA271Nx,51,,correct,
pS17HUA271Nx,52,,correct,
pS17HUA271Nx,53,,correct,
pS17HUA271Nx,54,,correct,
pS17HUA271Nx,55,,correct,
pS17HUA271Nx,56,,incorrect,
pS17HUA271Nx,57,,correct,
pS17HUA271Nx,58,,correct,
pS17HUA271Nx,59,,correct,
pS17HUA271Nx,60,,correct,
tE1MOwmVibN4,31,,correct,
tE1MOwmVibN4,32,,correct,
tE1MOwmVibN4,33,,correct,
tE1MOwmVibN4,34,,correct,
tE1MOwmVibN4,35,,incorrect,
tE1MOwmVibN4,36,,incorrect,
tE1MOwmVibN4,37,,correct,
tE1MOwmVibN4,38,,incorrect,
tE1MOwmVibN4,39,,correct,
tE1MOwmVibN4,40,,correct,
tE1MOwmVibN4,41,,correct,
tE1MOwmVibN4,42,,correct,
tE1MOwmVibN4,43,,incorrect,
tE1MOwmVibN4,44,,correct,
tE1MOwmVibN4,45,,incorrect,
tE1MOwmVibN4,46,,correct,
tE1MOwmVibN4,47,,incorrect,
tE1MOwmVibN4,48,,correct,
tE1MOwmVibN4,49,,incorrect,
tE1MOwmVibN4,50,,correct,
tE1MOwmVibN4,51,,correct,
tE1MOwmVibN4,52,,correct,
tE1MOwmVibN4,53,,correct,
tE1MOwmVibN4,54,,correct,
tE1MOwmVibN4,55,,correct,
tE1MOwmVibN4,56,,incorrect,
tE1MOwmVibN4,57,,correct,
tE1MOwmVibN4,58,,incorrect,
tE1MOwmVibN4,59,,correct,
tE1MOwmVibN4,60,,correct,
nojDz9QSjRLy,31,,correct,
nojDz9QSjRLy,32,,correct,
nojDz9QSjRLy,33,,correct,
nojDz9QSjRLy,34,,correct,
nojDz9QSjRLy,35,,correct,
nojDz9QSjRLy,36,,correct,
nojDz9QSjRLy,37,,incorrect,
nojDz9QSjRLy,38,,incorrect,
nojDz9QSjRLy,39,,correct,
nojDz9QSjRLy,40,,correct,
nojDz9QSjRLy,41,,correct,
nojDz9QSjRLy,42,,correct,
nojDz9QSjRLy,43,,incorrect,
nojDz9QSjRLy,44,,correct,
nojDz9QSjRLy,45,,incorrect,
nojDz9QSjRLy,46,,correct,
nojDz9QSjRLy,47,,incorrect,
nojDz9QSjRLy,48,,correct,
nojDz9QSjRLy,49,,incorrect,
nojDz9QSjRLy,50,,incorrect,
nojDz9QSjRLy,51,,incorrect,
nojDz9QSjRLy,52,,correct,
nojDz9QSjRLy,53,,correct,
nojDz9QSjRLy,54,,correct,
nojDz9QSjRLy,55,,correct,
nojDz9QSjRLy,56,,incorrect,
nojDz9QSjRLy,57,,correct,
nojDz9QSjRLy,58,,correct,
nojDz9QSjRLy,59,,correct,
nojDz9QSjRLy,60,,correct,
xbNryveuRsXc,31,,correct,
xbNryveuRsXc,32,,correct,
xbNryveuRsXc,33,,correct,
xbNryveuRsXc,34,,incorrect,
xbNryveuRsXc,35,,correct,
xbNryveuRsXc,36,,correct,
xbNryveuRsXc,37,,incorrect,
xbNryveuRsXc,38,,incorrect,
xbNryveuRsXc,39,,correct,
xbNryveuRsXc,40,,correct,
xbNryveuRsXc,41,,incorrect,
xbNryveuRsXc,42,,correct,
xbNryveuRsXc,43,,correct,
xbNryveuRsXc,44,,incorrect,
xbNryveuRsXc,45,,incorrect,
xbNryveuRsXc,46,,correct,
xbNryveuRsXc,47,,correct,
xbNryveuRsXc,48,,incorrect,
xbNryveuRsXc,49,,incorrect,
xbNryveuRsXc,50,,correct,
xbNryveuRsXc,51,,correct,
xbNryveuRsXc,52,,correct,
xbNryveuRsXc,53,,correct,
xbNryveuRsXc,54,,correct,
xbNryveuRsXc,55,,correct,
xbNryveuRsXc,56,,incorrect,
xbNryveuRsXc,57,,correct,
xbNryveuRsXc,58,,correct,
xbNryveuRsXc,59,,correct,
xbNryveuRsXc,60,,correct,
iZblYCxqwouC,31,,correct,
iZblYCxqwouC,32,,correct,
iZblYCxqwouC,33,,correct,
iZblYCxqwouC,34,,correct,
iZblYCxqwouC,35,,correct,
iZblYCxqwouC,36,,correct,
iZblYCxqwouC,37,,correct,
iZblYCxqwouC,38,,incorrect,
iZblYCxqwouC,39,,correct,
iZblYCxqwouC,40,,correct,
iZblYCxqwouC,41,,correct,
iZblYCxqwouC,42,,correct,
iZblYCxqwouC,43,,correct,
iZblYCxqwouC,44,,correct,
iZblYCxqwouC,45,,incorrect,
iZblYCxqwouC,46,,correct,
iZblYCxqwouC,47,,incorrect,
iZblYCxqwouC,48,,correct,
iZblYCxqwouC,49,,incorrect,
iZblYCxqwouC,50,,incorrect,
iZblYCxqwouC,51,,correct,
iZblYCxqwouC,52,,incorrect,
iZblYCxqwouC,53,,correct,
iZblYCxqwouC,54,,correct,
iZblYCxqwouC,55,,correct,
iZblYCxqwouC,56,,incorrect,
iZblYCxqwouC,57,,correct,
iZblYCxqwouC,58,,correct,
iZblYCxqwouC,59,,correct,
iZblYCxqwouC,60,,incorrect,
BSLGp0wdoAqj,31,,correct,
BSLGp0wdoAqj,32,,incorrect,
BSLGp0wdoAqj,33,,correct,
BSLGp0wdoAqj,34,,correct,
BSLGp0wdoAqj,35,,correct,
BSLGp0wdoAqj,36,,incorrect,
BSLGp0wdoAqj,37,,incorrect,
BSLGp0wdoAqj,38,,correct,
BSLGp0wdoAqj,39,,correct,
BSLGp0wdoAqj,40,,correct,
BSLGp0wdoAqj,41,,incorrect,
BSLGp0wdoAqj,42,,correct,
BSLGp0wdoAqj,43,,correct,
BSLGp0wdoAqj,44,,correct,
BSLGp0wdoAqj,45,,incorrect,
BSLGp0wdoAqj,46,,correct,
BSLGp0wdoAqj,47,,incorrect,
BSLGp0wdoAqj,48,,correct,
BSLGp0wdoAqj,49,,incorrect,
BSLGp0wdoAqj,50,,correct,
BSLGp0wdoAqj,51,,correct,
BSLGp0wdoAqj,52,,correct,
BSLGp0wdoAqj,53,,correct,
BSLGp0wdoAqj,54,,incorrect,
BSLGp0wdoAqj,55,,correct,
BSLGp0wdoAqj,56,,incorrect,
BSLGp0wdoAqj,57,,correct,
BSLGp0wdoAqj,58,,incorrect,
BSLGp0wdoAqj,59,,correct,
BSLGp0wdoAqj,60,,correct,
jMkOnTydcqm6,31,,correct,
jMkOnTydcqm6,32,,incorrect,
jMkOnTydcqm6,33,,correct,
jMkOnTydcqm6,34,,correct,
jMkOnTydcqm6,35,,correct,
jMkOnTydcqm6,36,,incorrect,
jMkOnTydcqm6,37,,incorrect,
jMkOnTydcqm6,38,,correct,
jMkOnTydcqm6,39,,correct,
jMkOnTydcqm6,40,,correct,
jMkOnTydcqm6,41,,incorrect,
jMkOnTydcqm6,42,,correct,
jMkOnTydcqm6,43,,correct,
jMkOnTydcqm6,44,,correct,
jMkOnTydcqm6,45,,incorrect,
jMkOnTydcqm6,46,,correct,
jMkOnTydcqm6,47,,incorrect,
jMkOnTydcqm6,48,,correct,
jMkOnTydcqm6,49,,incorrect,
jMkOnTydcqm6,50,,correct,
jMkOnTydcqm6,51,,correct,
jMkOnTydcqm6,52,,correct,
jMkOnTydcqm6,53,,correct,
jMkOnTydcqm6,54,,incorrect,
jMkOnTydcqm6,55,,correct,
jMkOnTydcqm6,56,,incorrect,
jMkOnTydcqm6,57,,correct,
jMkOnTydcqm6,58,,incorrect,
jMkOnTydcqm6,59,,correct,
jMkOnTydcqm6,60,,correct,
32nLuB1xqIO4,31,,incorrect,
32nLuB1xqIO4,32,,incorrect,
32nLuB1xqIO4,33,,incorrect,
32nLuB1xqIO4,34,,correct,
32nLuB1xqIO4,35,,correct,
32nLuB1xqIO4,36,,correct,
32nLuB1xqIO4,37,,correct,
32nLuB1xqIO4,38,,incorrect,
32nLuB1xqIO4,39,,correct,
32nLuB1xqIO4,40,,correct,
32nLuB1xqIO4,41,,correct,
32nLuB1xqIO4,42,,correct,
32nLuB1xqIO4,43,,incorrect,
32nLuB1xqIO4,44,,correct,
32nLuB1xqIO4,45,,incorrect,
32nLuB1xqIO4,46,,correct,
32nLuB1xqIO4,47,,incorrect,
32nLuB1xqIO4,48,,correct,
32nLuB1xqIO4,49,,incorrect,
32nLuB1xqIO4,50,,correct,
32nLuB1xqIO4,51,,correct,
32nLuB1xqIO4,52,,correct,
32nLuB1xqIO4,53,,correct,
32nLuB1xqIO4,54,,correct,
32nLuB1xqIO4,55,,correct,
32nLuB1xqIO4,56,,incorrect,
32nLuB1xqIO4,57,,correct,
32nLuB1xqIO4,58,,correct,
32nLuB1xqIO4,59,,correct,
32nLuB1xqIO4,60,,correct,
X0HFePMCkBsP,31,,incorrect,
X0HFePMCkBsP,32,,correct,
X0HFePMCkBsP,33,,correct,
X0HFePMCkBsP,34,,correct,
X0HFePMCkBsP,35,,correct,
X0HFePMCkBsP,36,,incorrect,
X0HFePMCkBsP,37,,correct,
X0HFePMCkBsP,38,,correct,
X0HFePMCkBsP,39,,correct,
X0HFePMCkBsP,40,,correct,
X0HFePMCkBsP,41,,correct,
X0HFePMCkBsP,42,,correct,
X0HFePMCkBsP,43,,incorrect,
X0HFePMCkBsP,44,,correct,
X0HFePMCkBsP,45,,incorrect,
X0HFePMCkBsP,46,,correct,
X0HFePMCkBsP,47,,incorrect,
X0HFePMCkBsP,48,,incorrect,
X0HFePMCkBsP,49,,incorrect,
X0HFePMCkBsP,50,,correct,
X0HFePMCkBsP,51,,incorrect,
X0HFePMCkBsP,52,,correct,
X0HFePMCkBsP,53,,correct,
X0HFePMCkBsP,54,,correct,
X0HFePMCkBsP,55,,correct,
X0HFePMCkBsP,56,,incorrect,
X0HFePMCkBsP,57,,correct,
X0HFePMCkBsP,58,,correct,
X0HFePMCkBsP,59,,correct,
X0HFePMCkBsP,60,,correct,
zeQInY6w8eBY,31,,incorrect,
zeQInY6w8eBY,32,,correct,
zeQInY6w8eBY,33,,correct,
zeQInY6w8eBY,34,,correct,
zeQInY6w8eBY,35,,correct,
zeQInY6w8eBY,36,,incorrect,
zeQInY6w8eBY,37,,correct,
zeQInY6w8eBY,38,,incorrect,
zeQInY6w8eBY,39,,correct,
zeQInY6w8eBY,40,,correct,
zeQInY6w8eBY,41,,correct,
zeQInY6w8eBY,42,,correct,
zeQInY6w8eBY,43,,correct,
zeQInY6w8eBY,44,,correct,
zeQInY6w8eBY,45,,incorrect,
zeQInY6w8eBY,46,,correct,
zeQInY6w8eBY,47,,incorrect,
zeQInY6w8eBY,48,,correct,
zeQInY6w8eBY,49,,incorrect,
zeQInY6w8eBY,50,,correct,
zeQInY6w8eBY,51,,correct,
zeQInY6w8eBY,52,,correct,
zeQInY6w8eBY,53,,correct,
zeQInY6w8eBY,54,,correct,
zeQInY6w8eBY,55,,correct,
zeQInY6w8eBY,56,,incorrect,
zeQInY6w8eBY,57,,correct,
zeQInY6w8eBY,58,,correct,
zeQInY6w8eBY,59,,correct,
zeQInY6w8eBY,60,,correct,
jxlFWYs7WyTt,31,,correct,
jxlFWYs7WyTt,32,,incorrect,
jxlFWYs7WyTt,33,,correct,
jxlFWYs7WyTt,34,,correct,
jxlFWYs7WyTt,35,,correct,
jxlFWYs7WyTt,36,,incorrect,
jxlFWYs7WyTt,37,,incorrect,
jxlFWYs7WyTt,38,,correct,
jxlFWYs7WyTt,39,,correct,
jxlFWYs7WyTt,40,,correct,
jxlFWYs7WyTt,41,,incorrect,
jxlFWYs7WyTt,42,,correct,
jxlFWYs7WyTt,43,,correct,
jxlFWYs7WyTt,44,,correct,
jxlFWYs7WyTt,45,,incorrect,
jxlFWYs7WyTt,46,,correct,
jxlFWYs7WyTt,47,,incorrect,
jxlFWYs7WyTt,48,,correct,
jxlFWYs7WyTt,49,,incorrect,
jxlFWYs7WyTt,50,,correct,
jxlFWYs7WyTt,51,,correct,
jxlFWYs7WyTt,52,,correct,
jxlFWYs7WyTt,53,,correct,
jxlFWYs7WyTt,54,,incorrect,
jxlFWYs7WyTt,55,,correct,
jxlFWYs7WyTt,56,,incorrect,
jxlFWYs7WyTt,57,,correct,
jxlFWYs7WyTt,58,,incorrect,
jxlFWYs7WyTt,59,,correct,
jxlFWYs7WyTt,60,,correct,
BJE8NOUNFGYz,31,,correct,
BJE8NOUNFGYz,32,,correct,
BJE8NOUNFGYz,33,,correct,
BJE8NOUNFGYz,34,,correct,
BJE8NOUNFGYz,35,,correct,
BJE8NOUNFGYz,36,,incorrect,
BJE8NOUNFGYz,37,,correct,
BJE8NOUNFGYz,38,,correct,
BJE8NOUNFGYz,39,,correct,
BJE8NOUNFGYz,40,,correct,
BJE8NOUNFGYz,41,,correct,
BJE8NOUNFGYz,42,,correct,
BJE8NOUNFGYz,43,,correct,
BJE8NOUNFGYz,44,,correct,
BJE8NOUNFGYz,45,,incorrect,
BJE8NOUNFGYz,46,,correct,
BJE8NOUNFGYz,47,,incorrect,
BJE8NOUNFGYz,48,,incorrect,
BJE8NOUNFGYz,49,,incorrect,
BJE8NOUNFGYz,50,,incorrect,
BJE8NOUNFGYz,51,,incorrect,
BJE8NOUNFGYz,52,,correct,
BJE8NOUNFGYz,53,,correct,
BJE8NOUNFGYz,54,,correct,
BJE8NOUNFGYz,55,,correct,
BJE8NOUNFGYz,56,,incorrect,
BJE8NOUNFGYz,57,,correct,
BJE8NOUNFGYz,58,,correct,
BJE8NOUNFGYz,59,,correct,
BJE8NOUNFGYz,60,,correct,
aKKO0pyKuBaK,31,,correct,
aKKO0pyKuBaK,32,,incorrect,
aKKO0pyKuBaK,33,,correct,
aKKO0pyKuBaK,34,,correct,
aKKO0pyKuBaK,35,,correct,
aKKO0pyKuBaK,36,,correct,
aKKO0pyKuBaK,37,,correct,
aKKO0pyKuBaK,38,,incorrect,
aKKO0pyKuBaK,39,,correct,
aKKO0pyKuBaK,40,,correct,
aKKO0pyKuBaK,41,,correct,
aKKO0pyKuBaK,42,,correct,
aKKO0pyKuBaK,43,,incorrect,
aKKO0pyKuBaK,44,,incorrect,
aKKO0pyKuBaK,45,,incorrect,
aKKO0pyKuBaK,46,,correct,
aKKO0pyKuBaK,47,,incorrect,
aKKO0pyKuBaK,48,,correct,
aKKO0pyKuBaK,49,,incorrect,
aKKO0pyKuBaK,50,,correct,
aKKO0pyKuBaK,51,,incorrect,
aKKO0pyKuBaK,52,,correct,
aKKO0pyKuBaK,53,,correct,
aKKO0pyKuBaK,54,,correct,
aKKO0pyKuBaK,55,,correct,
aKKO0pyKuBaK,56,,incorrect,
aKKO0pyKuBaK,57,,correct,
aKKO0pyKuBaK,58,,correct,
aKKO0pyKuBaK,59,,correct,
aKKO0pyKuBaK,60,,correct,
0rzpTGhVxVJU,31,,correct,
0rzpTGhVxVJU,32,,incorrect,
0rzpTGhVxVJU,33,,correct,
0rzpTGhVxVJU,34,,correct,
0rzpTGhVxVJU,35,,correct,
0rzpTGhVxVJU,36,,correct,
0rzpTGhVxVJU,37,,correct,
0rzpTGhVxVJU,38,,incorrect,
0rzpTGhVxVJU,39,,correct,
0rzpTGhVxVJU,40,,correct,
0rzpTGhVxVJU,41,,correct,
0rzpTGhVxVJU,42,,correct,
0rzpTGhVxVJU,43,,correct,
0rzpTGhVxVJU,44,,correct,
0rzpTGhVxVJU,45,,incorrect,
0rzpTGhVxVJU,46,,incorrect,
0rzpTGhVxVJU,47,,incorrect,
0rzpTGhVxVJU,48,,correct,
0rzpTGhVxVJU,49,,incorrect,
0rzpTGhVxVJU,50,,incorrect,
0rzpTGhVxVJU,51,,correct,
0rzpTGhVxVJU,52,,correct,
0rzpTGhVxVJU,53,,correct,
0rzpTGhVxVJU,54,,correct,
0rzpTGhVxVJU,55,,correct,
0rzpTGhVxVJU,56,,incorrect,
0rzpTGhVxVJU,57,,correct,
0rzpTGhVxVJU,58,,correct,
0rzpTGhVxVJU,59,,correct,
0rzpTGhVxVJU,60,,correct,
Kji96af6kzzA,31,,incorrect,
Kji96af6kzzA,32,,incorrect,
Kji96af6kzzA,33,,correct,
Kji96af6kzzA,34,,correct,
Kji96af6kzzA,35,,correct,
Kji96af6kzzA,36,,correct,
Kji96af6kzzA,37,,correct,
Kji96af6kzzA,38,,incorrect,
Kji96af6kzzA,39,,correct,
Kji96af6kzzA,40,,correct,
Kji96af6kzzA,41,,correct,
Kji96af6kzzA,42,,correct,
Kji96af6kzzA,43,,incorrect,
Kji96af6kzzA,44,,correct,
Kji96af6kzzA,45,,incorrect,
Kji96af6kzzA,46,,correct,
Kji96af6kzzA,47,,incorrect,
Kji96af6kzzA,48,,incorrect,
Kji96af6kzzA,49,,incorrect,
Kji96af6kzzA,50,,correct,
Kji96af6kzzA,51,,correct,
Kji96af6kzzA,52,,correct,
Kji96af6kzzA,53,,correct,
Kji96af6kzzA,54,,correct,
Kji96af6kzzA,55,,correct,
Kji96af6kzzA,56,,incorrect,
Kji96af6kzzA,57,,correct,
Kji96af6kzzA,58,,correct,
Kji96af6kzzA,59,,correct,
Kji96af6kzzA,60,,correct,
lOuE9tkR89Pk,31,,incorrect,
lOuE9tkR89Pk,32,,incorrect,
lOuE9tkR89Pk,33,,correct,
lOuE9tkR89Pk,34,,correct,
lOuE9tkR89Pk,35,,correct,
lOuE9tkR89Pk,36,,correct,
lOuE9tkR89Pk,37,,correct,
lOuE9tkR89Pk,38,,incorrect,
lOuE9tkR89Pk,39,,correct,
lOuE9tkR89Pk,40,,correct,
lOuE9tkR89Pk,41,,correct,
lOuE9tkR89Pk,42,,correct,
lOuE9tkR89Pk,43,,incorrect,
lOuE9tkR89Pk,44,,correct,
lOuE9tkR89Pk,45,,incorrect,
lOuE9tkR89Pk,46,,correct,
lOuE9tkR89Pk,47,,incorrect,
lOuE9tkR89Pk,48,,incorrect,
lOuE9tkR89Pk,49,,incorrect,
lOuE9tkR89Pk,50,,correct,
lOuE9tkR89Pk,51,,correct,
lOuE9tkR89Pk,52,,correct,
lOuE9tkR89Pk,53,,correct,
lOuE9tkR89Pk,54,,correct,
lOuE9tkR89Pk,55,,correct,
lOuE9tkR89Pk,56,,incorrect,
lOuE9tkR89Pk,57,,correct,
lOuE9tkR89Pk,58,,correct,
lOuE9tkR89Pk,59,,correct,
lOuE9tkR89Pk,60,,correct,
QblvTIly9IZU,31,,correct,
QblvTIly9IZU,32,,correct,
QblvTIly9IZU,33,,correct,
QblvTIly9IZU,34,,correct,
QblvTIly9IZU,35,,correct,
QblvTIly9IZU,36,,correct,
QblvTIly9IZU,37,,correct,
QblvTIly9IZU,38,,correct,
QblvTIly9IZU,39,,correct,
QblvTIly9IZU,40,,correct,
QblvTIly9IZU,41,,correct,
QblvTIly9IZU,42,,correct,
QblvTIly9IZU,43,,correct,
QblvTIly9IZU,44,,incorrect,
QblvTIly9IZU,45,,incorrect,
QblvTIly9IZU,46,,incorrect,
QblvTIly9IZU,47,,incorrect,
QblvTIly9IZU,48,,incorrect,
QblvTIly9IZU,49,,incorrect,
QblvTIly9IZU,50,,correct,
QblvTIly9IZU,51,,correct,
QblvTIly9IZU,52,,correct,
QblvTIly9IZU,53,,incorrect,
QblvTIly9IZU,54,,correct,
QblvTIly9IZU,55,,correct,
QblvTIly9IZU,56,,incorrect,
QblvTIly9IZU,57,,correct,
QblvTIly9IZU,58,,incorrect,
QblvTIly9IZU,59,,correct,
QblvTIly9IZU,60,,correct,
SpXSTCkMzPni,31,,incorrect,
SpXSTCkMzPni,32,,incorrect,
SpXSTCkMzPni,33,,correct,
SpXSTCkMzPni,34,,correct,
SpXSTCkMzPni,35,,correct,
SpXSTCkMzPni,36,,correct,
SpXSTCkMzPni,37,,correct,
SpXSTCkMzPni,38,,incorrect,
SpXSTCkMzPni,39,,incorrect,
SpXSTCkMzPni,40,,correct,
SpXSTCkMzPni,41,,incorrect,
SpXSTCkMzPni,42,,correct,
SpXSTCkMzPni,43,,correct,
SpXSTCkMzPni,44,,correct,
SpXSTCkMzPni,45,,incorrect,
SpXSTCkMzPni,46,,correct,
SpXSTCkMzPni,47,,incorrect,
SpXSTCkMzPni,48,,incorrect,
SpXSTCkMzPni,49,,incorrect,
SpXSTCkMzPni,50,,correct,
SpXSTCkMzPni,51,,correct,
SpXSTCkMzPni,52,,correct,
SpXSTCkMzPni,53,,correct,
SpXSTCkMzPni,54,,correct,
SpXSTCkMzPni,55,,correct,
SpXSTCkMzPni,56,,incorrect,
SpXSTCkMzPni,57,,correct,
SpXSTCkMzPni,58,,correct,
SpXSTCkMzPni,59,,correct,
SpXSTCkMzPni,60,,correct,
QJccKPT4nu7V,31,,incorrect,
QJccKPT4nu7V,32,,correct,
QJccKPT4nu7V,33,,incorrect,
QJccKPT4nu7V,34,,correct,
QJccKPT4nu7V,35,,correct,
QJccKPT4nu7V,36,,correct,
QJccKPT4nu7V,37,,incorrect,
QJccKPT4nu7V,38,,correct,
QJccKPT4nu7V,39,,correct,
QJccKPT4nu7V,40,,correct,
QJccKPT4nu7V,41,,correct,
QJccKPT4nu7V,42,,correct,
QJccKPT4nu7V,43,,correct,
QJccKPT4nu7V,44,,correct,
QJccKPT4nu7V,45,,incorrect,
QJccKPT4nu7V,46,,correct,
QJccKPT4nu7V,47,,incorrect,
QJccKPT4nu7V,48,,correct,
QJccKPT4nu7V,49,,incorrect,
QJccKPT4nu7V,50,,correct,
QJccKPT4nu7V,51,,correct,
QJccKPT4nu7V,52,,correct,
QJccKPT4nu7V,53,,correct,
QJccKPT4nu7V,54,,correct,
QJccKPT4nu7V,55,,correct,
QJccKPT4nu7V,56,,incorrect,
QJccKPT4nu7V,57,,incorrect,
QJccKPT4nu7V,58,,correct,
QJccKPT4nu7V,59,,correct,
QJccKPT4nu7V,60,,incorrect,
bWRj9XHmvXaq,31,,correct,
bWRj9XHmvXaq,32,,correct,
bWRj9XHmvXaq,33,,correct,
bWRj9XHmvXaq,34,,correct,
bWRj9XHmvXaq,35,,correct,
bWRj9XHmvXaq,36,,incorrect,
bWRj9XHmvXaq,37,,correct,
bWRj9XHmvXaq,38,,incorrect,
bWRj9XHmvXaq,39,,correct,
bWRj9XHmvXaq,40,,correct,
bWRj9XHmvXaq,41,,incorrect,
bWRj9XHmvXaq,42,,correct,
bWRj9XHmvXaq,43,,incorrect,
bWRj9XHmvXaq,44,,correct,
bWRj9XHmvXaq,45,,incorrect,
bWRj9XHmvXaq,46,,correct,
bWRj9XHmvXaq,47,,incorrect,
bWRj9XHmvXaq,48,,correct,
bWRj9XHmvXaq,49,,incorrect,
bWRj9XHmvXaq,50,,correct,
bWRj9XHmvXaq,51,,correct,
bWRj9XHmvXaq,52,,correct,
bWRj9XHmvXaq,53,,correct,
bWRj9XHmvXaq,54,,correct,
bWRj9XHmvXaq,55,,incorrect,
bWRj9XHmvXaq,56,,incorrect,
bWRj9XHmvXaq,57,,correct,
bWRj9XHmvXaq,58,,correct,
bWRj9XHmvXaq,59,,correct,
bWRj9XHmvXaq,60,,correct,
oXHAAQD8R9lF,31,,incorrect,
oXHAAQD8R9lF,32,,incorrect,
oXHAAQD8R9lF,33,,correct,
oXHAAQD8R9lF,34,,correct,
oXHAAQD8R9lF,35,,correct,
oXHAAQD8R9lF,36,,correct,
oXHAAQD8R9lF,37,,correct,
oXHAAQD8R9lF,38,,incorrect,
oXHAAQD8R9lF,39,,correct,
oXHAAQD8R9lF,40,,correct,
oXHAAQD8R9lF,41,,correct,
oXHAAQD8R9lF,42,,correct,
oXHAAQD8R9lF,43,,incorrect,
oXHAAQD8R9lF,44,,correct,
oXHAAQD8R9lF,45,,incorrect,
oXHAAQD8R9lF,46,,correct,
oXHAAQD8R9lF,47,,incorrect,
oXHAAQD8R9lF,48,,correct,
oXHAAQD8R9lF,49,,incorrect,
oXHAAQD8R9lF,50,,incorrect,
oXHAAQD8R9lF,51,,correct,
oXHAAQD8R9lF,52,,incorrect,
oXHAAQD8R9lF,53,,correct,
oXHAAQD8R9lF,54,,correct,
oXHAAQD8R9lF,55,,correct,
oXHAAQD8R9lF,56,,incorrect,
oXHAAQD8R9lF,57,,correct,
oXHAAQD8R9lF,58,,correct,
oXHAAQD8R9lF,59,,correct,
oXHAAQD8R9lF,60,,correct,
HDHPHpQGlRLt,31,,correct,
HDHPHpQGlRLt,32,,correct,
HDHPHpQGlRLt,33,,correct,
HDHPHpQGlRLt,34,,correct,
HDHPHpQGlRLt,35,,correct,
HDHPHpQGlRLt,36,,incorrect,
HDHPHpQGlRLt,37,,correct,
HDHPHpQGlRLt,38,,incorrect,
HDHPHpQGlRLt,39,,incorrect,
HDHPHpQGlRLt,40,,correct,
HDHPHpQGlRLt,41,,incorrect,
HDHPHpQGlRLt,42,,correct,
HDHPHpQGlRLt,43,,correct,
HDHPHpQGlRLt,44,,incorrect,
HDHPHpQGlRLt,45,,incorrect,
HDHPHpQGlRLt,46,,correct,
HDHPHpQGlRLt,47,,incorrect,
HDHPHpQGlRLt,48,,correct,
HDHPHpQGlRLt,49,,incorrect,
HDHPHpQGlRLt,50,,correct,
HDHPHpQGlRLt,51,,correct,
HDHPHpQGlRLt,52,,correct,
HDHPHpQGlRLt,53,,correct,
HDHPHpQGlRLt,54,,correct,
HDHPHpQGlRLt,55,,correct,
HDHPHpQGlRLt,56,,incorrect,
HDHPHpQGlRLt,57,,correct,
HDHPHpQGlRLt,58,,correct,
HDHPHpQGlRLt,59,,correct,
HDHPHpQGlRLt,60,,correct,
WZiibWz2DWRQ,31,,correct,
WZiibWz2DWRQ,32,,incorrect,
WZiibWz2DWRQ,33,,correct,
WZiibWz2DWRQ,34,,correct,
WZiibWz2DWRQ,35,,correct,
WZiibWz2DWRQ,36,,incorrect,
WZiibWz2DWRQ,37,,correct,
WZiibWz2DWRQ,38,,incorrect,
WZiibWz2DWRQ,39,,correct,
WZiibWz2DWRQ,40,,correct,
WZiibWz2DWRQ,41,,correct,
WZiibWz2DWRQ,42,,incorrect,
WZiibWz2DWRQ,43,,correct,
WZiibWz2DWRQ,44,,correct,
WZiibWz2DWRQ,45,,incorrect,
WZiibWz2DWRQ,46,,correct,
WZiibWz2DWRQ,47,,incorrect,
WZiibWz2DWRQ,48,,correct,
WZiibWz2DWRQ,49,,incorrect,
WZiibWz2DWRQ,50,,incorrect,
WZiibWz2DWRQ,51,,incorrect,
WZiibWz2DWRQ,52,,correct,
WZiibWz2DWRQ,53,,correct,
WZiibWz2DWRQ,54,,correct,
WZiibWz2DWRQ,55,,correct,
WZiibWz2DWRQ,56,,incorrect,
WZiibWz2DWRQ,57,,correct,
WZiibWz2DWRQ,58,,correct,
WZiibWz2DWRQ,59,,correct,
WZiibWz2DWRQ,60,,correct,
AwYMPKmPfMTD,31,,incorrect,
AwYMPKmPfMTD,32,,incorrect,
AwYMPKmPfMTD,33,,correct,
AwYMPKmPfMTD,34,,correct,
AwYMPKmPfMTD,35,,correct,
AwYMPKmPfMTD,36,,incorrect,
AwYMPKmPfMTD,37,,incorrect,
AwYMPKmPfMTD,38,,correct,
AwYMPKmPfMTD,39,,correct,
AwYMPKmPfMTD,40,,correct,
AwYMPKmPfMTD,41,,incorrect,
AwYMPKmPfMTD,42,,correct,
AwYMPKmPfMTD,43,,correct,
AwYMPKmPfMTD,44,,correct,
AwYMPKmPfMTD,45,,incorrect,
AwYMPKmPfMTD,46,,correct,
AwYMPKmPfMTD,47,,incorrect,
AwYMPKmPfMTD,48,,correct,
AwYMPKmPfMTD,49,,incorrect,
AwYMPKmPfMTD,50,,correct,
AwYMPKmPfMTD,51,,correct,
AwYMPKmPfMTD,52,,correct,
AwYMPKmPfMTD,53,,correct,
AwYMPKmPfMTD,54,,incorrect,
AwYMPKmPfMTD,55,,correct,
AwYMPKmPfMTD,56,,incorrect,
AwYMPKmPfMTD,57,,correct,
AwYMPKmPfMTD,58,,incorrect,
AwYMPKmPfMTD,59,,correct,
AwYMPKmPfMTD,60,,correct,
8JOElN1piVew,31,,correct,
8JOElN1piVew,32,,incorrect,
8JOElN1piVew,33,,correct,
8JOElN1piVew,34,,correct,
8JOElN1piVew,35,,correct,
8JOElN1piVew,36,,incorrect,
8JOElN1piVew,37,,incorrect,
8JOElN1piVew,38,,correct,
8JOElN1piVew,39,,incorrect,
8JOElN1piVew,40,,correct,
8JOElN1piVew,41,,incorrect,
8JOElN1piVew,42,,correct,
8JOElN1piVew,43,,correct,
8JOElN1piVew,44,,correct,
8JOElN1piVew,45,,incorrect,
8JOElN1piVew,46,,correct,
8JOElN1piVew,47,,incorrect,
8JOElN1piVew,48,,correct,
8JOElN1piVew,49,,incorrect,
8JOElN1piVew,50,,correct,
8JOElN1piVew,51,,correct,
8JOElN1piVew,52,,correct,
8JOElN1piVew,53,,correct,
8JOElN1piVew,54,,incorrect,
8JOElN1piVew,55,,correct,
8JOElN1piVew,56,,incorrect,
8JOElN1piVew,57,,correct,
8JOElN1piVew,58,,incorrect,
8JOElN1piVew,59,,correct,
8JOElN1piVew,60,,correct,
sg62FVLFX6BW,31,,correct,
sg62FVLFX6BW,32,,incorrect,
sg62FVLFX6BW,33,,correct,
sg62FVLFX6BW,34,,correct,
sg62FVLFX6BW,35,,correct,
sg62FVLFX6BW,36,,incorrect,
sg62FVLFX6BW,37,,correct,
sg62FVLFX6BW,38,,incorrect,
sg62FVLFX6BW,39,,correct,
sg62FVLFX6BW,40,,correct,
sg62FVLFX6BW,41,,correct,
sg62FVLFX6BW,42,,correct,
sg62FVLFX6BW,43,,correct,
sg62FVLFX6BW,44,,correct,
sg62FVLFX6BW,45,,incorrect,
sg62FVLFX6BW,46,,correct,
sg62FVLFX6BW,47,,incorrect,
sg62FVLFX6BW,48,,correct,
sg62FVLFX6BW,49,,incorrect,
sg62FVLFX6BW,50,,correct,
sg62FVLFX6BW,51,,correct,
sg62FVLFX6BW,52,,correct,
sg62FVLFX6BW,53,,correct,
sg62FVLFX6BW,54,,correct,
sg62FVLFX6BW,55,,correct,
sg62FVLFX6BW,56,,incorrect,
sg62FVLFX6BW,57,,correct,
sg62FVLFX6BW,58,,incorrect,
sg62FVLFX6BW,59,,correct,
sg62FVLFX6BW,60,,correct,
k4QQVURTfMls,31,,incorrect,
k4QQVURTfMls,32,,incorrect,
k4QQVURTfMls,33,,correct,
k4QQVURTfMls,34,,correct,
k4QQVURTfMls,35,,correct,
k4QQVURTfMls,36,,correct,
k4QQVURTfMls,37,,incorrect,
k4QQVURTfMls,38,,correct,
k4QQVURTfMls,39,,correct,
k4QQVURTfMls,40,,correct,
k4QQVURTfMls,41,,correct,
k4QQVURTfMls,42,,correct,
k4QQVURTfMls,43,,incorrect,
k4QQVURTfMls,44,,correct,
k4QQVURTfMls,45,,incorrect,
k4QQVURTfMls,46,,correct,
k4QQVURTfMls,47,,incorrect,
k4QQVURTfMls,48,,incorrect,
k4QQVURTfMls,49,,incorrect,
k4QQVURTfMls,50,,correct,
k4QQVURTfMls,51,,correct,
k4QQVURTfMls,52,,incorrect,
k4QQVURTfMls,53,,correct,
k4QQVURTfMls,54,,correct,
k4QQVURTfMls,55,,incorrect,
k4QQVURTfMls,56,,incorrect,
k4QQVURTfMls,57,,correct,
k4QQVURTfMls,58,,correct,
k4QQVURTfMls,59,,correct,
k4QQVURTfMls,60,,correct,
AgiWXtLnmm9y,31,,correct,
AgiWXtLnmm9y,32,,incorrect,
AgiWXtLnmm9y,33,,correct,
AgiWXtLnmm9y,34,,correct,
AgiWXtLnmm9y,35,,correct,
AgiWXtLnmm9y,36,,incorrect,
AgiWXtLnmm9y,37,,correct,
AgiWXtLnmm9y,38,,incorrect,
AgiWXtLnmm9y,39,,incorrect,
AgiWXtLnmm9y,40,,correct,
AgiWXtLnmm9y,41,,incorrect,
AgiWXtLnmm9y,42,,correct,
AgiWXtLnmm9y,43,,correct,
AgiWXtLnmm9y,44,,incorrect,
AgiWXtLnmm9y,45,,incorrect,
AgiWXtLnmm9y,46,,correct,
AgiWXtLnmm9y,47,,incorrect,
AgiWXtLnmm9y,48,,incorrect,
AgiWXtLnmm9y,49,,incorrect,
AgiWXtLnmm9y,50,,correct,
AgiWXtLnmm9y,51,,correct,
AgiWXtLnmm9y,52,,correct,
AgiWXtLnmm9y,53,,correct,
AgiWXtLnmm9y,54,,correct,
AgiWXtLnmm9y,55,,correct,
AgiWXtLnmm9y,56,,incorrect,
AgiWXtLnmm9y,57,,correct,
AgiWXtLnmm9y,58,,correct,
AgiWXtLnmm9y,59,,correct,
AgiWXtLnmm9y,60,,incorrect,
pMrOo2QfC0Kp,31,,correct,
pMrOo2QfC0Kp,32,,incorrect,
pMrOo2QfC0Kp,33,,correct,
pMrOo2QfC0Kp,34,,correct,
pMrOo2QfC0Kp,35,,incorrect,
pMrOo2QfC0Kp,36,,incorrect,
pMrOo2QfC0Kp,37,,correct,
pMrOo2QfC0Kp,38,,incorrect,
pMrOo2QfC0Kp,39,,incorrect,
pMrOo2QfC0Kp,40,,correct,
pMrOo2QfC0Kp,41,,incorrect,
pMrOo2QfC0Kp,42,,correct,
pMrOo2QfC0Kp,43,,correct,
pMrOo2QfC0Kp,44,,incorrect,
pMrOo2QfC0Kp,45,,incorrect,
pMrOo2QfC0Kp,46,,correct,
pMrOo2QfC0Kp,47,,incorrect,
pMrOo2QfC0Kp,48,,incorrect,
pMrOo2QfC0Kp,49,,incorrect,
pMrOo2QfC0Kp,50,,correct,
pMrOo2QfC0Kp,51,,correct,
pMrOo2QfC0Kp,52,,correct,
pMrOo2QfC0Kp,53,,correct,
pMrOo2QfC0Kp,54,,correct,
pMrOo2QfC0Kp,55,,correct,
pMrOo2QfC0Kp,56,,incorrect,
pMrOo2QfC0Kp,57,,correct,
pMrOo2QfC0Kp,58,,correct,
pMrOo2QfC0Kp,59,,correct,
pMrOo2QfC0Kp,60,,correct,
By0gyab68WPW,31,,correct,
By0gyab68WPW,32,,correct,
By0gyab68WPW,33,,incorrect,
By0gyab68WPW,34,,correct,
By0gyab68WPW,35,,correct,
By0gyab68WPW,36,,incorrect,
By0gyab68WPW,37,,correct,
By0gyab68WPW,38,,incorrect,
By0gyab68WPW,39,,correct,
By0gyab68WPW,40,,correct,
By0gyab68WPW,41,,correct,
By0gyab68WPW,42,,correct,
By0gyab68WPW,43,,incorrect,
By0gyab68WPW,44,,incorrect,
By0gyab68WPW,45,,incorrect,
By0gyab68WPW,46,,correct,
By0gyab68WPW,47,,incorrect,
By0gyab68WPW,48,,incorrect,
By0gyab68WPW,49,,incorrect,
By0gyab68WPW,50,,correct,
By0gyab68WPW,51,,correct,
By0gyab68WPW,52,,correct,
By0gyab68WPW,53,,correct,
By0gyab68WPW,54,,correct,
By0gyab68WPW,55,,correct,
By0gyab68WPW,56,,incorrect,
By0gyab68WPW,57,,correct,
By0gyab68WPW,58,,correct,
By0gyab68WPW,59,,correct,
By0gyab68WPW,60,,correct,
YA6aMV1xcGv9,31,,correct,
YA6aMV1xcGv9,32,,correct,
YA6aMV1xcGv9,33,,correct,
YA6aMV1xcGv9,34,,correct,
YA6aMV1xcGv9,35,,incorrect,
YA6aMV1xcGv9,36,,incorrect,
YA6aMV1xcGv9,37,,correct,
YA6aMV1xcGv9,38,,incorrect,
YA6aMV1xcGv9,39,,correct,
YA6aMV1xcGv9,40,,correct,
YA6aMV1xcGv9,41,,correct,
YA6aMV1xcGv9,42,,correct,
YA6aMV1xcGv9,43,,correct,
YA6aMV1xcGv9,44,,correct,
YA6aMV1xcGv9,45,,incorrect,
YA6aMV1xcGv9,46,,correct,
YA6aMV1xcGv9,47,,incorrect,
YA6aMV1xcGv9,48,,correct,
YA6aMV1xcGv9,49,,incorrect,
YA6aMV1xcGv9,50,,incorrect,
YA6aMV1xcGv9,51,,correct,
YA6aMV1xcGv9,52,,correct,
YA6aMV1xcGv9,53,,correct,
YA6aMV1xcGv9,54,,correct,
YA6aMV1xcGv9,55,,correct,
YA6aMV1xcGv9,56,,incorrect,
YA6aMV1xcGv9,57,,correct,
YA6aMV1xcGv9,58,,correct,
YA6aMV1xcGv9,59,,correct,
YA6aMV1xcGv9,60,,incorrect,
eH9XZKUjDCDF,31,,incorrect,
eH9XZKUjDCDF,32,,incorrect,
eH9XZKUjDCDF,33,,correct,
eH9XZKUjDCDF,34,,correct,
eH9XZKUjDCDF,35,,correct,
eH9XZKUjDCDF,36,,correct,
eH9XZKUjDCDF,37,,correct,
eH9XZKUjDCDF,38,,incorrect,
eH9XZKUjDCDF,39,,correct,
eH9XZKUjDCDF,40,,correct,
eH9XZKUjDCDF,41,,correct,
eH9XZKUjDCDF,42,,correct,
eH9XZKUjDCDF,43,,incorrect,
eH9XZKUjDCDF,44,,correct,
eH9XZKUjDCDF,45,,incorrect,
eH9XZKUjDCDF,46,,correct,
eH9XZKUjDCDF,47,,incorrect,
eH9XZKUjDCDF,48,,correct,
eH9XZKUjDCDF,49,,incorrect,
eH9XZKUjDCDF,50,,incorrect,
eH9XZKUjDCDF,51,,correct,
eH9XZKUjDCDF,52,,incorrect,
eH9XZKUjDCDF,53,,correct,
eH9XZKUjDCDF,54,,correct,
eH9XZKUjDCDF,55,,correct,
eH9XZKUjDCDF,56,,incorrect,
eH9XZKUjDCDF,57,,correct,
eH9XZKUjDCDF,58,,correct,
eH9XZKUjDCDF,59,,correct,
eH9XZKUjDCDF,60,,correct,
ROaS3EN46XLy,31,,incorrect,
ROaS3EN46XLy,32,,incorrect,
ROaS3EN46XLy,33,,correct,
ROaS3EN46XLy,34,,correct,
ROaS3EN46XLy,35,,correct,
ROaS3EN46XLy,36,,correct,
ROaS3EN46XLy,37,,correct,
ROaS3EN46XLy,38,,incorrect,
ROaS3EN46XLy,39,,correct,
ROaS3EN46XLy,40,,correct,
ROaS3EN46XLy,41,,correct,
ROaS3EN46XLy,42,,correct,
ROaS3EN46XLy,43,,incorrect,
ROaS3EN46XLy,44,,correct,
ROaS3EN46XLy,45,,incorrect,
ROaS3EN46XLy,46,,correct,
ROaS3EN46XLy,47,,incorrect,
ROaS3EN46XLy,48,,correct,
ROaS3EN46XLy,49,,incorrect,
ROaS3EN46XLy,50,,incorrect,
ROaS3EN46XLy,51,,correct,
ROaS3EN46XLy,52,,incorrect,
ROaS3EN46XLy,53,,correct,
ROaS3EN46XLy,54,,correct,
ROaS3EN46XLy,55,,correct,
ROaS3EN46XLy,56,,incorrect,
ROaS3EN46XLy,57,,correct,
ROaS3EN46XLy,58,,correct,
ROaS3EN46XLy,59,,correct,
ROaS3EN46XLy,60,,correct,
aeQlX5jbZHXw,31,,incorrect,
aeQlX5jbZHXw,32,,incorrect,
aeQlX5jbZHXw,33,,correct,
aeQlX5jbZHXw,34,,correct,
aeQlX5jbZHXw,35,,correct,
aeQlX5jbZHXw,36,,correct,
aeQlX5jbZHXw,37,,correct,
aeQlX5jbZHXw,38,,incorrect,
aeQlX5jbZHXw,39,,correct,
aeQlX5jbZHXw,40,,correct,
aeQlX5jbZHXw,41,,correct,
aeQlX5jbZHXw,42,,correct,
aeQlX5jbZHXw,43,,incorrect,
aeQlX5jbZHXw,44,,correct,
aeQlX5jbZHXw,45,,incorrect,
aeQlX5jbZHXw,46,,correct,
aeQlX5jbZHXw,47,,incorrect,
aeQlX5jbZHXw,48,,correct,
aeQlX5jbZHXw,49,,incorrect,
aeQlX5jbZHXw,50,,incorrect,
aeQlX5jbZHXw,51,,correct,
aeQlX5jbZHXw,52,,incorrect,
aeQlX5jbZHXw,53,,correct,
aeQlX5jbZHXw,54,,correct,
aeQlX5jbZHXw,55,,correct,
aeQlX5jbZHXw,56,,incorrect,
aeQlX5jbZHXw,57,,correct,
aeQlX5jbZHXw,58,,correct,
aeQlX5jbZHXw,59,,correct,
aeQlX5jbZHXw,60,,correct,
wlfxRfJtBw5L,31,,correct,
wlfxRfJtBw5L,32,,incorrect,
wlfxRfJtBw5L,33,,correct,
wlfxRfJtBw5L,34,,correct,
wlfxRfJtBw5L,35,,correct,
wlfxRfJtBw5L,36,,incorrect,
wlfxRfJtBw5L,37,,incorrect,
wlfxRfJtBw5L,38,,correct,
wlfxRfJtBw5L,39,,incorrect,
wlfxRfJtBw5L,40,,correct,
wlfxRfJtBw5L,41,,incorrect,
wlfxRfJtBw5L,42,,correct,
wlfxRfJtBw5L,43,,correct,
wlfxRfJtBw5L,44,,correct,
wlfxRfJtBw5L,45,,incorrect,
wlfxRfJtBw5L,46,,correct,
wlfxRfJtBw5L,47,,incorrect,
wlfxRfJtBw5L,48,,correct,
wlfxRfJtBw5L,49,,incorrect,
wlfxRfJtBw5L,50,,correct,
wlfxRfJtBw5L,51,,correct,
wlfxRfJtBw5L,52,,correct,
wlfxRfJtBw5L,53,,correct,
wlfxRfJtBw5L,54,,incorrect,
wlfxRfJtBw5L,55,,correct,
wlfxRfJtBw5L,56,,incorrect,
wlfxRfJtBw5L,57,,correct,
wlfxRfJtBw5L,58,,incorrect,
wlfxRfJtBw5L,59,,correct,
wlfxRfJtBw5L,60,,correct,
Mcvs7l2qNfTq,31,,incorrect,
Mcvs7l2qNfTq,32,,incorrect,
Mcvs7l2qNfTq,33,,correct,
Mcvs7l2qNfTq,34,,correct,
Mcvs7l2qNfTq,35,,correct,
Mcvs7l2qNfTq,36,,correct,
Mcvs7l2qNfTq,37,,correct,
Mcvs7l2qNfTq,38,,incorrect,
Mcvs7l2qNfTq,39,,correct,
Mcvs7l2qNfTq,40,,correct,
Mcvs7l2qNfTq,41,,correct,
Mcvs7l2qNfTq,42,,correct,
Mcvs7l2qNfTq,43,,incorrect,
Mcvs7l2qNfTq,44,,correct,
Mcvs7l2qNfTq,45,,incorrect,
Mcvs7l2qNfTq,46,,correct,
Mcvs7l2qNfTq,47,,incorrect,
Mcvs7l2qNfTq,48,,correct,
Mcvs7l2qNfTq,49,,incorrect,
Mcvs7l2qNfTq,50,,incorrect,
Mcvs7l2qNfTq,51,,correct,
Mcvs7l2qNfTq,52,,incorrect,
Mcvs7l2qNfTq,53,,correct,
Mcvs7l2qNfTq,54,,correct,
Mcvs7l2qNfTq,55,,correct,
Mcvs7l2qNfTq,56,,incorrect,
Mcvs7l2qNfTq,57,,correct,
Mcvs7l2qNfTq,58,,correct,
Mcvs7l2qNfTq,59,,correct,
Mcvs7l2qNfTq,60,,correct,
IWu147zvpRWb,31,,correct,
IWu147zvpRWb,32,,correct,
IWu147zvpRWb,33,,correct,
IWu147zvpRWb,34,,correct,
IWu147zvpRWb,35,,incorrect,
IWu147zvpRWb,36,,incorrect,
IWu147zvpRWb,37,,incorrect,
IWu147zvpRWb,38,,correct,
IWu147zvpRWb,39,,correct,
IWu147zvpRWb,40,,correct,
IWu147zvpRWb,41,,correct,
IWu147zvpRWb,42,,correct,
IWu147zvpRWb,43,,incorrect,
IWu147zvpRWb,44,,incorrect,
IWu147zvpRWb,45,,incorrect,
IWu147zvpRWb,46,,incorrect,
IWu147zvpRWb,47,,incorrect,
IWu147zvpRWb,48,,correct,
IWu147zvpRWb,49,,incorrect,
IWu147zvpRWb,50,,correct,
IWu147zvpRWb,51,,correct,
IWu147zvpRWb,52,,correct,
IWu147zvpRWb,53,,correct,
IWu147zvpRWb,54,,correct,
IWu147zvpRWb,55,,correct,
IWu147zvpRWb,56,,incorrect,
IWu147zvpRWb,57,,correct,
IWu147zvpRWb,58,,correct,
IWu147zvpRWb,59,,correct,
IWu147zvpRWb,60,,correct,
bUBpyoQOQ4Ov,31,,correct,
bUBpyoQOQ4Ov,32,,correct,
bUBpyoQOQ4Ov,33,,correct,
bUBpyoQOQ4Ov,34,,correct,
bUBpyoQOQ4Ov,35,,correct,
bUBpyoQOQ4Ov,36,,incorrect,
bUBpyoQOQ4Ov,37,,incorrect,
bUBpyoQOQ4Ov,38,,incorrect,
bUBpyoQOQ4Ov,39,,correct,
bUBpyoQOQ4Ov,40,,correct,
bUBpyoQOQ4Ov,41,,correct,
bUBpyoQOQ4Ov,42,,correct,
bUBpyoQOQ4Ov,43,,correct,
bUBpyoQOQ4Ov,44,,incorrect,
bUBpyoQOQ4Ov,45,,incorrect,
bUBpyoQOQ4Ov,46,,correct,
bUBpyoQOQ4Ov,47,,incorrect,
bUBpyoQOQ4Ov,48,,correct,
bUBpyoQOQ4Ov,49,,incorrect,
bUBpyoQOQ4Ov,50,,correct,
bUBpyoQOQ4Ov,51,,correct,
bUBpyoQOQ4Ov,52,,correct,
bUBpyoQOQ4Ov,53,,correct,
bUBpyoQOQ4Ov,54,,correct,
bUBpyoQOQ4Ov,55,,correct,
bUBpyoQOQ4Ov,56,,incorrect,
bUBpyoQOQ4Ov,57,,correct,
bUBpyoQOQ4Ov,58,,incorrect,
bUBpyoQOQ4Ov,59,,correct,
bUBpyoQOQ4Ov,60,,correct,
VTLAbK1PHg7B,31,,correct,
VTLAbK1PHg7B,32,,correct,
VTLAbK1PHg7B,33,,correct,
VTLAbK1PHg7B,34,,correct,
VTLAbK1PHg7B,35,,incorrect,
VTLAbK1PHg7B,36,,incorrect,
VTLAbK1PHg7B,37,,correct,
VTLAbK1PHg7B,38,,correct,
VTLAbK1PHg7B,39,,correct,
VTLAbK1PHg7B,40,,correct,
VTLAbK1PHg7B,41,,correct,
VTLAbK1PHg7B,42,,correct,
VTLAbK1PHg7B,43,,correct,
VTLAbK1PHg7B,44,,correct,
VTLAbK1PHg7B,45,,incorrect,
VTLAbK1PHg7B,46,,correct,
VTLAbK1PHg7B,47,,incorrect,
VTLAbK1PHg7B,48,,correct,
VTLAbK1PHg7B,49,,incorrect,
VTLAbK1PHg7B,50,,incorrect,
VTLAbK1PHg7B,51,,correct,
VTLAbK1PHg7B,52,,incorrect,
VTLAbK1PHg7B,53,,correct,
VTLAbK1PHg7B,54,,correct,
VTLAbK1PHg7B,55,,incorrect,
VTLAbK1PHg7B,56,,incorrect,
VTLAbK1PHg7B,57,,correct,
VTLAbK1PHg7B,58,,correct,
VTLAbK1PHg7B,59,,correct,
VTLAbK1PHg7B,60,,incorrect,
E9vMd75UB2be,31,,incorrect,
E9vMd75UB2be,32,,incorrect,
E9vMd75UB2be,33,,correct,
E9vMd75UB2be,34,,correct,
E9vMd75UB2be,35,,correct,
E9vMd75UB2be,36,,incorrect,
E9vMd75UB2be,37,,incorrect,
E9vMd75UB2be,38,,correct,
E9vMd75UB2be,39,,correct,
E9vMd75UB2be,40,,correct,
E9vMd75UB2be,41,,correct,
E9vMd75UB2be,42,,correct,
E9vMd75UB2be,43,,correct,
E9vMd75UB2be,44,,correct,
E9vMd75UB2be,45,,incorrect,
E9vMd75UB2be,46,,incorrect,
E9vMd75UB2be,47,,incorrect,
E9vMd75UB2be,48,,incorrect,
E9vMd75UB2be,49,,incorrect,
E9vMd75UB2be,50,,correct,
E9vMd75UB2be,51,,correct,
E9vMd75UB2be,52,,correct,
E9vMd75UB2be,53,,correct,
E9vMd75UB2be,54,,correct,
E9vMd75UB2be,55,,correct,
E9vMd75UB2be,56,,incorrect,
E9vMd75UB2be,57,,correct,
E9vMd75UB2be,58,,incorrect,
E9vMd75UB2be,59,,correct,
E9vMd75UB2be,60,,correct,
r5xiR4T4onQf,31,,correct,
r5xiR4T4onQf,32,,correct,
r5xiR4T4onQf,33,,correct,
r5xiR4T4onQf,34,,correct,
r5xiR4T4onQf,35,,incorrect,
r5xiR4T4onQf,36,,incorrect,
r5xiR4T4onQf,37,,correct,
r5xiR4T4onQf,38,,incorrect,
r5xiR4T4onQf,39,,incorrect,
r5xiR4T4onQf,40,,correct,
r5xiR4T4onQf,41,,correct,
r5xiR4T4onQf,42,,correct,
r5xiR4T4onQf,43,,incorrect,
r5xiR4T4onQf,44,,correct,
r5xiR4T4onQf,45,,incorrect,
r5xiR4T4onQf,46,,correct,
r5xiR4T4onQf,47,,incorrect,
r5xiR4T4onQf,48,,incorrect,
r5xiR4T4onQf,49,,incorrect,
r5xiR4T4onQf,50,,correct,
r5xiR4T4onQf,51,,correct,
r5xiR4T4onQf,52,,incorrect,
r5xiR4T4onQf,53,,correct,
r5xiR4T4onQf,54,,correct,
r5xiR4T4onQf,55,,correct,
r5xiR4T4onQf,56,,incorrect,
r5xiR4T4onQf,57,,correct,
r5xiR4T4onQf,58,,correct,
r5xiR4T4onQf,59,,correct,
r5xiR4T4onQf,60,,correct,
WNh0afD7QG4d,31,,correct,
WNh0afD7QG4d,32,,incorrect,
WNh0afD7QG4d,33,,correct,
WNh0afD7QG4d,34,,correct,
WNh0afD7QG4d,35,,incorrect,
WNh0afD7QG4d,36,,incorrect,
WNh0afD7QG4d,37,,incorrect,
WNh0afD7QG4d,38,,incorrect,
WNh0afD7QG4d,39,,incorrect,
WNh0afD7QG4d,40,,correct,
WNh0afD7QG4d,41,,incorrect,
WNh0afD7QG4d,42,,correct,
WNh0afD7QG4d,43,,correct,
WNh0afD7QG4d,44,,incorrect,
WNh0afD7QG4d,45,,incorrect,
WNh0afD7QG4d,46,,correct,
WNh0afD7QG4d,47,,incorrect,
WNh0afD7QG4d,48,,incorrect,
WNh0afD7QG4d,49,,incorrect,
WNh0afD7QG4d,50,,correct,
WNh0afD7QG4d,51,,correct,
WNh0afD7QG4d,52,,correct,
WNh0afD7QG4d,53,,correct,
WNh0afD7QG4d,54,,correct,
WNh0afD7QG4d,55,,correct,
WNh0afD7QG4d,56,,incorrect,
WNh0afD7QG4d,57,,correct,
WNh0afD7QG4d,58,,correct,
WNh0afD7QG4d,59,,correct,
WNh0afD7QG4d,60,,correct,
m8rfSXHUenxh,31,,correct,
m8rfSXHUenxh,32,,correct,
m8rfSXHUenxh,33,,correct,
m8rfSXHUenxh,34,,correct,
m8rfSXHUenxh,35,,correct,
m8rfSXHUenxh,36,,incorrect,
m8rfSXHUenxh,37,,correct,
m8rfSXHUenxh,38,,incorrect,
m8rfSXHUenxh,39,,incorrect,
m8rfSXHUenxh,40,,correct,
m8rfSXHUenxh,41,,incorrect,
m8rfSXHUenxh,42,,correct,
m8rfSXHUenxh,43,,correct,
m8rfSXHUenxh,44,,incorrect,
m8rfSXHUenxh,45,,incorrect,
m8rfSXHUenxh,46,,correct,
m8rfSXHUenxh,47,,incorrect,
m8rfSXHUenxh,48,,correct,
m8rfSXHUenxh,49,,incorrect,
m8rfSXHUenxh,50,,correct,
m8rfSXHUenxh,51,,incorrect,
m8rfSXHUenxh,52,,correct,
m8rfSXHUenxh,53,,incorrect,
m8rfSXHUenxh,54,,correct,
m8rfSXHUenxh,55,,correct,
m8rfSXHUenxh,56,,incorrect,
m8rfSXHUenxh,57,,correct,
m8rfSXHUenxh,58,,correct,
m8rfSXHUenxh,59,,correct,
m8rfSXHUenxh,60,,correct,
cn7NB6JfQDTq,31,,incorrect,
cn7NB6JfQDTq,32,,incorrect,
cn7NB6JfQDTq,33,,incorrect,
cn7NB6JfQDTq,34,,incorrect,
cn7NB6JfQDTq,35,,correct,
cn7NB6JfQDTq,36,,correct,
cn7NB6JfQDTq,37,,correct,
cn7NB6JfQDTq,38,,correct,
cn7NB6JfQDTq,39,,correct,
cn7NB6JfQDTq,40,,correct,
cn7NB6JfQDTq,41,,correct,
cn7NB6JfQDTq,42,,correct,
cn7NB6JfQDTq,43,,incorrect,
cn7NB6JfQDTq,44,,incorrect,
cn7NB6JfQDTq,45,,incorrect,
cn7NB6JfQDTq,46,,correct,
cn7NB6JfQDTq,47,,incorrect,
cn7NB6JfQDTq,48,,correct,
cn7NB6JfQDTq,49,,incorrect,
cn7NB6JfQDTq,50,,incorrect,
cn7NB6JfQDTq,51,,correct,
cn7NB6JfQDTq,52,,incorrect,
cn7NB6JfQDTq,53,,correct,
cn7NB6JfQDTq,54,,correct,
cn7NB6JfQDTq,55,,correct,
cn7NB6JfQDTq,56,,incorrect,
cn7NB6JfQDTq,57,,correct,
cn7NB6JfQDTq,58,,correct,
cn7NB6JfQDTq,59,,incorrect,
cn7NB6JfQDTq,60,,correct,
KNvidOVZPDzA,31,,incorrect,
KNvidOVZPDzA,32,,incorrect,
KNvidOVZPDzA,33,,correct,
KNvidOVZPDzA,34,,correct,
KNvidOVZPDzA,35,,correct,
KNvidOVZPDzA,36,,correct,
KNvidOVZPDzA,37,,incorrect,
KNvidOVZPDzA,38,,incorrect,
KNvidOVZPDzA,39,,correct,
KNvidOVZPDzA,40,,incorrect,
KNvidOVZPDzA,41,,correct,
KNvidOVZPDzA,42,,correct,
KNvidOVZPDzA,43,,incorrect,
KNvidOVZPDzA,44,,correct,
KNvidOVZPDzA,45,,incorrect,
KNvidOVZPDzA,46,,correct,
KNvidOVZPDzA,47,,incorrect,
KNvidOVZPDzA,48,,correct,
KNvidOVZPDzA,49,,incorrect,
KNvidOVZPDzA,50,,correct,
KNvidOVZPDzA,51,,incorrect,
KNvidOVZPDzA,52,,incorrect,
KNvidOVZPDzA,53,,correct,
KNvidOVZPDzA,54,,correct,
KNvidOVZPDzA,55,,correct,
KNvidOVZPDzA,56,,incorrect,
KNvidOVZPDzA,57,,correct,
KNvidOVZPDzA,58,,correct,
KNvidOVZPDzA,59,,correct,
KNvidOVZPDzA,60,,correct,
GiEhMndZmOa5,31,,correct,
GiEhMndZmOa5,32,,correct,
GiEhMndZmOa5,33,,correct,
GiEhMndZmOa5,34,,correct,
GiEhMndZmOa5,35,,correct,
GiEhMndZmOa5,36,,incorrect,
GiEhMndZmOa5,37,,correct,
GiEhMndZmOa5,38,,correct,
GiEhMndZmOa5,39,,correct,
GiEhMndZmOa5,40,,correct,
GiEhMndZmOa5,41,,incorrect,
GiEhMndZmOa5,42,,correct,
GiEhMndZmOa5,43,,correct,
GiEhMndZmOa5,44,,incorrect,
GiEhMndZmOa5,45,,incorrect,
GiEhMndZmOa5,46,,correct,
GiEhMndZmOa5,47,,incorrect,
GiEhMndZmOa5,48,,incorrect,
GiEhMndZmOa5,49,,incorrect,
GiEhMndZmOa5,50,,correct,
GiEhMndZmOa5,51,,incorrect,
GiEhMndZmOa5,52,,correct,
GiEhMndZmOa5,53,,correct,
GiEhMndZmOa5,54,,incorrect,
GiEhMndZmOa5,55,,correct,
GiEhMndZmOa5,56,,incorrect,
GiEhMndZmOa5,57,,correct,
GiEhMndZmOa5,58,,incorrect,
GiEhMndZmOa5,59,,incorrect,
GiEhMndZmOa5,60,,incorrect,
9xt9EeOQtcXZ,31,,incorrect,
9xt9EeOQtcXZ,32,,incorrect,
9xt9EeOQtcXZ,33,,correct,
9xt9EeOQtcXZ,34,,incorrect,
9xt9EeOQtcXZ,35,,correct,
9xt9EeOQtcXZ,36,,correct,
9xt9EeOQtcXZ,37,,incorrect,
9xt9EeOQtcXZ,38,,correct,
9xt9EeOQtcXZ,39,,correct,
9xt9EeOQtcXZ,40,,correct,
9xt9EeOQtcXZ,41,,correct,
9xt9EeOQtcXZ,42,,correct,
9xt9EeOQtcXZ,43,,incorrect,
9xt9EeOQtcXZ,44,,incorrect,
9xt9EeOQtcXZ,45,,incorrect,
9xt9EeOQtcXZ,46,,correct,
9xt9EeOQtcXZ,47,,incorrect,
9xt9EeOQtcXZ,48,,incorrect,
9xt9EeOQtcXZ,49,,incorrect,
9xt9EeOQtcXZ,50,,correct,
9xt9EeOQtcXZ,51,,correct,
9xt9EeOQtcXZ,52,,correct,
9xt9EeOQtcXZ,53,,correct,
9xt9EeOQtcXZ,54,,correct,
9xt9EeOQtcXZ,55,,correct,
9xt9EeOQtcXZ,56,,incorrect,
9xt9EeOQtcXZ,57,,correct,
9xt9EeOQtcXZ,58,,incorrect,
9xt9EeOQtcXZ,59,,correct,
9xt9EeOQtcXZ,60,,correct,
B0dezLVzpGHZ,31,,incorrect,
B0dezLVzpGHZ,32,,incorrect,
B0dezLVzpGHZ,33,,correct,
B0dezLVzpGHZ,34,,correct,
B0dezLVzpGHZ,35,,correct,
B0dezLVzpGHZ,36,,incorrect,
B0dezLVzpGHZ,37,,incorrect,
B0dezLVzpGHZ,38,,incorrect,
B0dezLVzpGHZ,39,,incorrect,
B0dezLVzpGHZ,40,,correct,
B0dezLVzpGHZ,41,,correct,
B0dezLVzpGHZ,42,,correct,
B0dezLVzpGHZ,43,,incorrect,
B0dezLVzpGHZ,44,,correct,
B0dezLVzpGHZ,45,,incorrect,
B0dezLVzpGHZ,46,,correct,
B0dezLVzpGHZ,47,,incorrect,
B0dezLVzpGHZ,48,,correct,
B0dezLVzpGHZ,49,,incorrect,
B0dezLVzpGHZ,50,,incorrect,
B0dezLVzpGHZ,51,,incorrect,
B0dezLVzpGHZ,52,,correct,
B0dezLVzpGHZ,53,,correct,
B0dezLVzpGHZ,54,,correct,
B0dezLVzpGHZ,55,,correct,
B0dezLVzpGHZ,56,,incorrect,
B0dezLVzpGHZ,57,,correct,
B0dezLVzpGHZ,58,,incorrect,
B0dezLVzpGHZ,59,,correct,
B0dezLVzpGHZ,60,,correct,
PgdsGKsedBAl,31,,correct,
PgdsGKsedBAl,32,,incorrect,
PgdsGKsedBAl,33,,incorrect,
PgdsGKsedBAl,34,,incorrect,
PgdsGKsedBAl,35,,correct,
PgdsGKsedBAl,36,,correct,
PgdsGKsedBAl,37,,correct,
PgdsGKsedBAl,38,,correct,
PgdsGKsedBAl,39,,correct,
PgdsGKsedBAl,40,,correct,
PgdsGKsedBAl,41,,correct,
PgdsGKsedBAl,42,,correct,
PgdsGKsedBAl,43,,correct,
PgdsGKsedBAl,44,,correct,
PgdsGKsedBAl,45,,incorrect,
PgdsGKsedBAl,46,,correct,
PgdsGKsedBAl,47,,incorrect,
PgdsGKsedBAl,48,,incorrect,
PgdsGKsedBAl,49,,incorrect,
PgdsGKsedBAl,50,,incorrect,
PgdsGKsedBAl,51,,incorrect,
PgdsGKsedBAl,52,,incorrect,
PgdsGKsedBAl,53,,correct,
PgdsGKsedBAl,54,,correct,
PgdsGKsedBAl,55,,correct,
PgdsGKsedBAl,56,,incorrect,
PgdsGKsedBAl,57,,correct,
PgdsGKsedBAl,58,,incorrect,
PgdsGKsedBAl,59,,correct,
PgdsGKsedBAl,60,,incorrect,
Ui0yLwC2YxnT,31,,correct,
Ui0yLwC2YxnT,32,,incorrect,
Ui0yLwC2YxnT,33,,correct,
Ui0yLwC2YxnT,34,,incorrect,
Ui0yLwC2YxnT,35,,correct,
Ui0yLwC2YxnT,36,,incorrect,
Ui0yLwC2YxnT,37,,incorrect,
Ui0yLwC2YxnT,38,,correct,
Ui0yLwC2YxnT,39,,correct,
Ui0yLwC2YxnT,40,,incorrect,
Ui0yLwC2YxnT,41,,correct,
Ui0yLwC2YxnT,42,,correct,
Ui0yLwC2YxnT,43,,incorrect,
Ui0yLwC2YxnT,44,,correct,
Ui0yLwC2YxnT,45,,incorrect,
Ui0yLwC2YxnT,46,,incorrect,
Ui0yLwC2YxnT,47,,incorrect,
Ui0yLwC2YxnT,48,,correct,
Ui0yLwC2YxnT,49,,incorrect,
Ui0yLwC2YxnT,50,,correct,
Ui0yLwC2YxnT,51,,correct,
Ui0yLwC2YxnT,52,,incorrect,
Ui0yLwC2YxnT,53,,correct,
Ui0yLwC2YxnT,54,,correct,
Ui0yLwC2YxnT,55,,correct,
Ui0yLwC2YxnT,56,,incorrect,
Ui0yLwC2YxnT,57,,correct,
Ui0yLwC2YxnT,58,,incorrect,
Ui0yLwC2YxnT,59,,incorrect,
Ui0yLwC2YxnT,60,,incorrect,
y9lkze6lHiAa,31,,correct,
y9lkze6lHiAa,32,,incorrect,
y9lkze6lHiAa,33,,correct,
y9lkze6lHiAa,34,,correct,
y9lkze6lHiAa,35,,correct,
y9lkze6lHiAa,36,,incorrect,
y9lkze6lHiAa,37,,incorrect,
y9lkze6lHiAa,38,,incorrect,
y9lkze6lHiAa,39,,incorrect,
y9lkze6lHiAa,40,,correct,
y9lkze6lHiAa,41,,correct,
y9lkze6lHiAa,42,,correct,
y9lkze6lHiAa,43,,incorrect,
y9lkze6lHiAa,44,,incorrect,
y9lkze6lHiAa,45,,incorrect,
y9lkze6lHiAa,46,,correct,
y9lkze6lHiAa,47,,incorrect,
y9lkze6lHiAa,48,,incorrect,
y9lkze6lHiAa,49,,incorrect,
y9lkze6lHiAa,50,,incorrect,
y9lkze6lHiAa,51,,correct,
y9lkze6lHiAa,52,,correct,
y9lkze6lHiAa,53,,incorrect,
y9lkze6lHiAa,54,,incorrect,
y9lkze6lHiAa,55,,correct,
y9lkze6lHiAa,56,,incorrect,
y9lkze6lHiAa,57,,correct,
y9lkze6lHiAa,58,,correct,
y9lkze6lHiAa,59,,correct,
y9lkze6lHiAa,60,,correct,
nIdSwhLzwJKt,31,,correct,
nIdSwhLzwJKt,32,,incorrect,
nIdSwhLzwJKt,33,,correct,
nIdSwhLzwJKt,34,,correct,
nIdSwhLzwJKt,35,,correct,
nIdSwhLzwJKt,36,,incorrect,
nIdSwhLzwJKt,37,,correct,
nIdSwhLzwJKt,38,,incorrect,
nIdSwhLzwJKt,39,,correct,
nIdSwhLzwJKt,40,,correct,
nIdSwhLzwJKt,41,,correct,
nIdSwhLzwJKt,42,,correct,
nIdSwhLzwJKt,43,,incorrect,
nIdSwhLzwJKt,44,,incorrect,
nIdSwhLzwJKt,45,,incorrect,
nIdSwhLzwJKt,46,,incorrect,
nIdSwhLzwJKt,47,,incorrect,
nIdSwhLzwJKt,48,,incorrect,
nIdSwhLzwJKt,49,,incorrect,
nIdSwhLzwJKt,50,,incorrect,
nIdSwhLzwJKt,51,,incorrect,
nIdSwhLzwJKt,52,,correct,
nIdSwhLzwJKt,53,,incorrect,
nIdSwhLzwJKt,54,,correct,
nIdSwhLzwJKt,55,,correct,
nIdSwhLzwJKt,56,,incorrect,
nIdSwhLzwJKt,57,,correct,
nIdSwhLzwJKt,58,,incorrect,
nIdSwhLzwJKt,59,,incorrect,
nIdSwhLzwJKt,60,,correct,
d5279GvwAinX,31,,correct,
d5279GvwAinX,32,,correct,
d5279GvwAinX,33,,correct,
d5279GvwAinX,34,,incorrect,
d5279GvwAinX,35,,incorrect,
d5279GvwAinX,36,,incorrect,
d5279GvwAinX,37,,incorrect,
d5279GvwAinX,38,,correct,
d5279GvwAinX,39,,incorrect,
d5279GvwAinX,40,,correct,
d5279GvwAinX,41,,correct,
d5279GvwAinX,42,,incorrect,
d5279GvwAinX,43,,incorrect,
d5279GvwAinX,44,,incorrect,
d5279GvwAinX,45,,incorrect,
d5279GvwAinX,46,,correct,
d5279GvwAinX,47,,correct,
d5279GvwAinX,48,,incorrect,
d5279GvwAinX,49,,incorrect,
d5279GvwAinX,50,,incorrect,
d5279GvwAinX,51,,incorrect,
d5279GvwAinX,52,,correct,
d5279GvwAinX,53,,correct,
d5279GvwAinX,54,,correct,
d5279GvwAinX,55,,correct,
d5279GvwAinX,56,,incorrect,
d5279GvwAinX,57,,correct,
d5279GvwAinX,58,,incorrect,
d5279GvwAinX,59,,incorrect,
d5279GvwAinX,60,,incorrect,
7VpB1pGsv71N,31,,incorrect,
7VpB1pGsv71N,32,,correct,
7VpB1pGsv71N,33,,incorrect,
7VpB1pGsv71N,34,,incorrect,
7VpB1pGsv71N,35,,incorrect,
7VpB1pGsv71N,36,,correct,
7VpB1pGsv71N,37,,incorrect,
7VpB1pGsv71N,38,,incorrect,
7VpB1pGsv71N,39,,incorrect,
7VpB1pGsv71N,40,,correct,
7VpB1pGsv71N,41,,incorrect,
7VpB1pGsv71N,42,,incorrect,
7VpB1pGsv71N,43,,incorrect,
7VpB1pGsv71N,44,,incorrect,
7VpB1pGsv71N,45,,incorrect,
7VpB1pGsv71N,46,,correct,
7VpB1pGsv71N,47,,incorrect,
7VpB1pGsv71N,48,,incorrect,
7VpB1pGsv71N,49,,incorrect,
7VpB1pGsv71N,50,,correct,
7VpB1pGsv71N,51,,correct,
7VpB1pGsv71N,52,,correct,
7VpB1pGsv71N,53,,correct,
7VpB1pGsv71N,54,,incorrect,
7VpB1pGsv71N,55,,incorrect,
7VpB1pGsv71N,56,,incorrect,
7VpB1pGsv71N,57,,correct,
7VpB1pGsv71N,58,,correct,
7VpB1pGsv71N,59,,correct,
7VpB1pGsv71N,60,,incorrect,
BOOMKrcykzvF,31,,incorrect,
BOOMKrcykzvF,32,,incorrect,
BOOMKrcykzvF,33,,incorrect,
BOOMKrcykzvF,34,,incorrect,
BOOMKrcykzvF,35,,incorrect,
BOOMKrcykzvF,36,,incorrect,
BOOMKrcykzvF,37,,incorrect,
BOOMKrcykzvF,38,,incorrect,
BOOMKrcykzvF,39,,correct,
BOOMKrcykzvF,40,,correct,
BOOMKrcykzvF,41,,correct,
BOOMKrcykzvF,42,,correct,
BOOMKrcykzvF,43,,incorrect,
BOOMKrcykzvF,44,,incorrect,
BOOMKrcykzvF,45,,incorrect,
BOOMKrcykzvF,46,,correct,
BOOMKrcykzvF,47,,incorrect,
BOOMKrcykzvF,48,,incorrect,
BOOMKrcykzvF,49,,incorrect,
BOOMKrcykzvF,50,,correct,
BOOMKrcykzvF,51,,correct,
BOOMKrcykzvF,52,,incorrect,
BOOMKrcykzvF,53,,incorrect,
BOOMKrcykzvF,54,,incorrect,
BOOMKrcykzvF,55,,correct,
BOOMKrcykzvF,56,,incorrect,
BOOMKrcykzvF,57,,incorrect,
BOOMKrcykzvF,58,,correct,
BOOMKrcykzvF,59,,correct,
BOOMKrcykzvF,60,,incorrect,
